company_name,email
Stiedemann LLC,vboyat0@house.gov
Gorczany-Heaney,cmerrall1@pagesperso-orange.fr
Christiansen LLC,tcurwood2@altervista.org
McKenzie LLC,fstorch3@clickbank.net
Schroeder-Skiles,acordero4@sourceforge.net
Quigley-Wolf,sbarraclough5@stanford.edu
Runte-Hirthe,hcourt6@fc2.com
Rempel and Sons,hgrishechkin7@linkedin.com
Sporer and Sons,cgallimore8@fema.gov
"Frami, Fahey and Lind",bterris9@mtv.com
"Paucek, Labadie and Prosacco",carnolda@google.pl
"Rempel, Maggio and Parisian",kgrinhamb@lycos.com
"Kilback, Champlin and Robel",rwhitticksc@about.com
Corwin-Boyle,efleischerd@baidu.com
Howe-Conn,idennerlye@jiathis.com
Erdman Inc,jmcshirrief@weibo.com
Considine and Sons,bbonomeg@printfriendly.com
Turner-Hartmann,tboeckh@phoca.cz
Bartell-Dicki,lroelofseni@wiley.com
"Huel, Crist and Roob",golagenj@mail.ru
"Heathcote, Fritsch and Macejkovic",jimlochk@home.pl
Lueilwitz-Robel,jconiberel@nps.gov
Walker-Kessler,aabatellim@discuz.net
Monahan-Schmidt,abarkn@boston.com
Becker LLC,afulepo@flavors.me
Johns-Blanda,nbassilashvilip@howstuffworks.com
"Hackett, Armstrong and Heaney",tcausticq@marriott.com
Gusikowski Group,cgunnyr@so-net.ne.jp
Watsica-Adams,alinggards@soup.io
"Nitzsche, Gutkowski and Collier",nlarst@ft.com
Ryan-Jast,sdavidovichu@csmonitor.com
Collier-Pfeffer,bgaukrodgev@smh.com.au
Jerde and Sons,cfeganw@nyu.edu
Barton Group,shellensx@wp.com
Murphy-Carter,eklimkoy@mysql.com
"Pacocha, Stroman and Bauch",ksummersonz@skype.com
"Beatty, Doyle and Ferry",kmcgarva10@abc.net.au
"McLaughlin, Rath and Bailey",lhartlebury11@spotify.com
MacGyver LLC,nboner12@auda.org.au
Moore and Sons,dscading13@elegantthemes.com
"DuBuque, Mosciski and Monahan",mkeaveney14@nationalgeographic.com
Aufderhar-Emmerich,slowman15@unc.edu
Walter Group,meastbrook16@japanpost.jp
Keebler and Sons,tgerrey17@photobucket.com
Kub-Hayes,agunda18@fotki.com
Harris-Greenfelder,jhastler19@ted.com
Steuber LLC,gforre1a@upenn.edu
Treutel-Spinka,jluff1b@usgs.gov
Orn LLC,ecuniffe1c@netscape.com
Hayes-Howe,lportam1d@1688.com
Wunsch-Sipes,rrulf1e@uiuc.edu
Daugherty-Zemlak,crankine1f@state.gov
"Bednar, Keebler and Marks",rbrocklebank1g@thetimes.co.uk
Quigley Group,cbabar1h@nbcnews.com
Spinka-Bechtelar,nhorsefield1i@census.gov
"Berge, Padberg and Gottlieb",kspellesy1j@squidoo.com
Reilly-Jaskolski,ahoyland1k@bloglines.com
"Conroy, Schamberger and Gleichner",sjablonski1l@usatoday.com
"Simonis, Maggio and Mann",nbryde1m@instagram.com
Price Group,kcotsford1n@eventbrite.com
"Anderson, Hilpert and Pouros",chaizelden1o@shop-pro.jp
Spinka-Pfannerstill,jissacoff1p@latimes.com
Schaefer and Sons,wblethin1q@skyrock.com
Abshire and Sons,dlindgren1r@tripadvisor.com
Roberts-Haag,gwitchard1s@163.com
Stroman-Parisian,beidler1t@behance.net
Murphy Group,rholsall1u@ocn.ne.jp
"Hills, Swift and Wilkinson",rbaptie1v@sitemeter.com
Gibson Group,jcovotti1w@apple.com
"Wisoky, Schumm and Reichert",nantoshin1x@archive.org
Morar Group,gschwant1y@youku.com
Hessel Group,cospellissey1z@github.io
Emmerich LLC,bthirlaway20@ted.com
Witting LLC,atetla21@bluehost.com
McLaughlin-Haley,dfleury22@ebay.com
Wyman-Schinner,hdassindale23@exblog.jp
"Emmerich, Greenfelder and Zemlak",jscroyton24@istockphoto.com
Yundt and Sons,bbirkbeck25@skype.com
Klocko-Hermann,hbenoist26@mayoclinic.com
Armstrong-Durgan,mruscoe27@imgur.com
Ratke-Anderson,usherland28@people.com.cn
Kuhlman-Yost,cbrainsby29@weebly.com
"Turner, Stoltenberg and Stark",pmckenna2a@indiatimes.com
Reinger-Littel,kperigo2b@goo.ne.jp
Kessler-Shields,ngildersleeve2c@economist.com
Kihn-O'Keefe,dcowland2d@hud.gov
Klein Group,hbudgeon2e@kickstarter.com
Kutch and Sons,eliggins2f@ucsd.edu
Barrows-Collier,ptailour2g@hatena.ne.jp
Sporer Group,hcleaton2h@shop-pro.jp
Bahringer-Bode,jcooper2i@epa.gov
Predovic and Sons,acasino2j@admin.ch
"Botsford, Abernathy and Rogahn",wromaynes2k@cargocollective.com
"Crooks, Tromp and Bogan",hbunclark2l@weibo.com
Schaden-Leffler,areyburn2m@tamu.edu
Turner Inc,dkirtlan2n@rambler.ru
"Hackett, Stamm and Kozey",lbelfelt2o@amazon.de
Fadel-Frami,kpringell2p@archive.org
Grant Inc,cmanderson2q@typepad.com
Huels and Sons,echamley2r@time.com
