id,first_name,last_name,phone,password
1,Twyla,Lukacs,+81 841 871 0604,ax4F6tM9
2,Red,Gallant,+63 883 450 7578,l1u84FoCno
3,Doll,Borzoni,+62 864 479 8742,b9agYLNgj
4,Molli,Rayworth,+33 914 806 9732,e7SQHNKjSomd
5,Bobbette,Eschalette,+967 696 921 4761,KsTQokcRT0zk
6,Dinny,Mallall,+63 325 436 7021,7n5PfY
7,Evered,Rove,+81 399 412 3525,XY39SyM0F
8,Cary,Kubin,+62 477 928 6216,nZFQFKiVIHP
9,Mohandis,Backshall,+420 291 832 4270,eeUOnYkOSK
10,Eric,Donalson,+62 976 980 2348,MM8sVwNdD
11,Burr,Wainscoat,+82 223 394 4408,oSzMXKJ
12,Wallie,Reightley,+1 532 353 8727,WivS2A4rTH8
13,Deanne,Pinnion,+46 257 148 8222,6md2zd8A
14,Gerome,Dutton,+62 720 585 7796,Y0dcAz06mgqP
15,Max,Jadczak,+63 391 737 0349,rFsYrXrGFt9e
16,Domingo,Klugman,+60 796 697 0209,kmSLUFW8yLaa
17,Ulrika,Tripet,+420 738 610 9412,RHsAJpBcZoh
18,Meredeth,Giraldez,+92 216 184 3456,I91Wbvuv
19,Domingo,Widdowes,+977 388 540 7290,pTeX67E
20,Brandy,Barthram,+57 719 330 9413,3I2FU5omFBcw
21,Petra,Hunnicot,+994 790 578 8346,OnHyapc89Hn
22,Dona,Thirlwell,+54 442 631 6070,yOECJopu1G
23,Tessa,Picopp,+52 204 378 8342,IDwC8i
24,Donalt,Macer,+86 276 498 7141,QXGy0RZ
25,Welsh,Canner,+86 940 958 5442,4vJN7nWWnkSf
26,Lanna,Escritt,+227 948 106 2574,5Q53bMAz
27,Elisabeth,Coniam,+86 414 722 1059,nFnLSpBb86y
28,Sylvester,Crohan,+86 842 217 6436,nZES2R7Ac9
29,Lynett,Galliford,+236 689 204 7619,sl6m1rEO
30,Ronald,Oglevie,+62 779 548 8895,IKf5QQyOp
31,Camala,Gleeton,+86 214 655 4864,GBrPXGooZir
32,Flor,Emett,+62 162 415 1545,yBh0qgfMg
33,Kristopher,Hearn,+7 933 179 9440,LqutFf
34,Reube,Fetherston,+86 775 375 3894,PXQu5XI45
35,Frayda,Matsell,+33 844 809 9719,dyoPhWGyjdg4
36,Leonardo,Kittle,+62 833 909 8374,FrjgXd
37,Maribel,Leworthy,+48 735 256 0836,yA0YWbzkcEN
38,Cheston,Lowrance,+51 681 933 2711,iszoskij
39,Glyn,Densey,+55 672 617 4976,9U39BWZkNYve
40,Randi,Sidle,+380 702 480 2009,dEuH5eD
41,Euell,Jeduch,+63 360 937 6219,uLlJio39h
42,Sandi,De Wolfe,+63 778 710 4116,mBFCk5ZN
43,Mildrid,Sudron,+86 311 197 6979,eXXdr0P5
44,Sella,Terbeek,+351 446 118 3229,oT2p3xYf
45,Dasha,Skoggins,+1 971 145 2610,qMc21HfCL
46,Law,Ritchley,+48 785 432 9041,L6GB7ah
47,Goldia,Slocum,+595 938 787 6371,t1jpZX569thC
48,Joelle,Dicks,+258 270 977 0522,JXLmoUrDiGe
49,Korney,Ragg,+1 850 182 6860,OYYm2otn3z
50,Grange,Eliesco,+212 148 753 1060,vtLtEWNZ
51,Annmaria,Niemiec,+54 932 448 1076,7o9dsF
52,Cheri,Blazeby,+48 710 169 8041,iUzGBdwxjrG
53,Hakeem,Brandon,+48 758 876 2165,22DDXDnT
54,Agretha,Scolding,+7 798 263 5295,fMQVeICGNI
55,Emilio,Mortell,+53 937 954 8114,nPl2BQCbixD
56,Chucho,Rolfini,+63 605 344 9847,G2sdPwW9
57,Dodie,Knudsen,+47 275 641 0475,1gSVFoUP1y
58,Bibby,Seamons,+33 428 638 5121,zWPiTfZ
59,Bert,Criag,+92 620 393 5152,fyr4CvGUjN
60,Tobi,Blewis,+48 803 367 0501,bjKgFyZ9l
61,Shani,Gravett,+45 977 401 4995,Fur7bB40gD0
62,Robbie,Minelli,+86 481 274 7496,OubpJH0
63,Karim,Kield,+504 649 309 8003,gRRzABn5IDw
64,Gradey,Emlen,+63 520 467 6006,bAl6Uc
65,Minta,Buttery,+389 564 169 6021,I5WsWm
66,Cole,Dallemore,+251 421 619 6455,MOsJTeq
67,Lauren,Snoding,+81 944 165 7244,k8GLZjQ6
68,Colman,MacMorland,+56 781 111 6546,wUUX8piYvm
69,Avrom,Oulett,+1 254 219 8657,D6ZhlEf
70,Byram,Trodden,+261 380 701 3309,swSc3zYM1qQD
71,Ellene,Wardesworth,+52 924 131 3245,uCLP9P
72,Jodie,Smallsman,+86 293 230 1508,It2XmY
73,Trueman,Knappe,+55 674 305 9220,Yc7wag09qh
74,Rosana,Klein,+81 388 441 9196,lflsygv6
75,Onfroi,Hachard,+7 163 968 4424,qzGURGq
76,Arlinda,Senchenko,+62 846 977 4781,hxNrOZWn
77,Lonnie,Phayre,+7 911 705 6438,8uGDbEX1
78,Jenica,Brouwer,+55 340 461 9261,K3E35gU
79,Dmitri,Fiveash,+81 987 631 2686,Bh5jbHy
80,Natasha,Rozenbaum,+86 998 779 0144,ghlDEnEnyBv
81,Madelon,Worsell,+86 532 935 2527,kpvJjcvKGEkv
82,Jayme,Spaule,+51 148 623 5618,6k8ANf0EL9
83,Andrea,Pimley,+86 297 591 9038,wHF3pUkdiaSG
84,Dermot,Burland,+386 936 758 5886,t1rsyvC4kTOu
85,Florida,Vernham,+86 251 476 6742,F0y3Vs
86,Cobbie,Braidon,+502 426 645 9985,RMlkAhFPS
87,Arleyne,Croot,+27 799 156 8729,hBnbf6D0oy
88,Sherlock,Bilbrook,+86 205 959 0315,WiApyCt4xtxo
89,Irena,Snary,+56 615 329 0841,JhrrpNapB
90,Hilton,Cleife,+66 208 346 1326,32KBPOqFCO
91,Rosamund,Estcourt,+86 394 619 6100,Fr3vXb4q0
92,Ernst,Strattan,+33 589 424 9102,3ujdZJZ
93,Keary,Lock,+502 196 325 0173,tYfrj0A6oF
94,Carey,Roycroft,+60 643 523 5908,t0BLUVav
95,Kathi,Brimble,+993 683 593 7417,oUdqYk0eT4
96,Hobey,Killingback,+216 117 191 1063,qeQ9yOIYfDeM
97,Salvidor,Pakenham,+1 501 270 1615,TJZtxIMu9aOJ
98,Nert,Yoodall,+57 190 862 2204,dZx50cdxmQY
99,Panchito,Harp,+1 989 411 9197,V0PT4XQnXmc3
100,Gray,Hallet,+262 634 350 3708,FvL2rmJXuAn
101,Aristotle,Brissard,+977 962 680 7850,QGfbO29Klbix
102,Rodolfo,Elph,+63 810 926 7654,cecXkxqJ
103,Andriana,Spillard,+994 775 989 2495,aMHTEry4
104,Malina,Withur,+62 347 620 0877,aVQjDa
105,Rockey,Tremblay,+86 841 718 2296,GKzSmNn
106,Odele,Mc Andrew,+374 459 231 3222,44Jo0T8bn
107,Verina,Kenworth,+249 429 537 9051,vwyaDMkkA5iv
108,Isidor,Pine,+370 210 522 2092,FUGrXjyp
109,Laverne,Kingswood,+251 112 933 0691,SvLGElxKk7
110,Adler,Antognazzi,+30 530 405 8983,mowgaJYos7Ma
111,Tonia,Smalls,+996 846 787 7624,ThFwCRnW
112,Zorah,Scirman,+968 386 762 6844,fnvPvJ
113,Virgie,Corgenvin,+33 966 967 1718,mTLNbSNw
114,Donovan,Laite,+968 469 517 4682,vOg7HWsFi
115,Gerhardine,Giovannoni,+63 215 658 4769,lWsxdhY1sbB
116,Winnifred,Kensley,+57 651 570 5137,dmElqFdDdR
117,Isobel,Housin,+1 269 174 1311,NjKL2ei
118,Aldus,Andreotti,+216 768 783 0007,Qw7NSqM
119,Aurie,Worviell,+86 617 448 3160,3OL9Zzj8lZi
120,Mathilde,Cocklin,+7 215 519 4677,S0t9M26i
121,Carlie,Derobert,+380 815 461 5284,3RdfMZuo
122,Gradey,Maine,+58 913 109 3981,8GF9AwxZqtmL
123,Elenore,Stickens,+62 934 689 5540,ozhorbbylSE
124,Dinah,Biset,+1 812 528 8045,iBjSn6aIipu
125,Rodolph,Gossan,+86 586 995 4375,VtF5kBiQ92U
126,Lamar,Bendin,+63 376 711 7999,jXineGQ8BgH
127,Web,Dunbobin,+7 239 562 2696,Xci1Jve
128,Petronia,Tidball,+86 520 466 2232,jGD1t3Sn4J
129,Nye,McCadden,+7 420 520 6811,zvOitCKryc
130,Florentia,Ludewig,+47 267 352 1687,xC3xd3HJtOg
131,Lorie,Mardoll,+86 180 897 2611,qqy8iJ
132,Tatiana,Clitheroe,+62 745 272 7708,Ks1Lqqgwp
133,Abe,Emeny,+30 606 864 8089,78zN7m8V6m3w
134,Adolpho,Somner,+27 220 701 2597,kyKc45
135,Noella,Allitt,+81 727 542 4871,5zmfG33
136,Michaella,Possell,+81 853 376 0718,Ndsh1hB
137,Nerta,Pettersen,+420 254 207 5209,d7qwGN
138,Celina,Coleson,+86 316 752 7646,HB7bVFbE
139,Redd,Fey,+62 231 572 0882,SGiiNPdVhYv
140,Son,Cumberpatch,+62 192 852 8077,8yn5Jo4Olgo
141,Gale,Tarbert,+351 986 818 1737,8z1TTiZelde
142,Mair,Molyneux,+86 187 344 1584,wD1i5H9A6
143,Shana,Leathers,+370 499 770 9431,gfTHoqHFmrTt
144,Ellene,Long,+1 665 806 2797,O43ebWmC4
145,Lu,Conquer,+86 101 213 2186,caGhogph
146,Silva,Olden,+251 969 820 9389,O4qh2fJ0GT
147,Bernita,Bullough,+86 510 956 5537,ta13mh5
148,Corbett,Stenner,+7 378 987 6025,DBX1e7bOnGg
149,Janeczka,Bineham,+86 181 746 1919,SFHLEj3v3sS
150,Paula,Sherbourne,+55 796 341 8888,ZRhbfDiq3AG
151,Urban,Atlee,+63 824 120 2277,m7zxQVNdtsNe
152,Celle,Arbuckle,+63 649 249 4870,GWZDfNP
153,Lishe,Twede,+86 721 613 8898,4KNAB9b3
154,Ollie,Puddicombe,+86 688 674 4321,6fw0dtM
155,Beniamino,Nuzzti,+55 134 978 2998,zbyuPkLKXd
156,Cullin,Hughland,+7 230 287 4361,W1alpR
157,Henrik,Piddlehinton,+504 305 279 0030,k6aOipuYpS
158,Hobard,Reeday,+48 677 297 9996,9KygZA
159,Gwenette,Farnes,+1 816 720 7734,npeSVb
160,Clywd,Cavill,+86 688 963 7436,uQKqm4t
161,Tucker,Kernaghan,+86 308 992 7295,2TahYXHO
162,Nancy,Jonuzi,+81 962 595 8635,oXDJjg
163,Margarete,Measor,+55 867 819 1461,9fkxJN0K
164,Floris,Gatling,+385 953 349 8510,Ax6eoiQzwEHR
165,Marlin,Schimek,+7 780 901 2545,d9c53CZI
166,Alicea,Abbess,+1 517 337 5397,QG0hpgsvHwbf
167,Gabi,Flint,+33 163 212 4586,a939N5UH
168,Patrice,Fenney,+251 275 787 0405,1IzbeQCeGie5
169,Henka,Haughey,+86 408 750 9394,3tO7QM7R1zM
170,Kelly,Amsberger,+1 760 129 5799,L058tcp30v
171,Joey,Mattek,+86 555 636 6527,zlcRR85KSk
172,Smitty,Saunt,+55 853 371 5620,VGiJ6juXN1
173,Jude,Fetherston,+55 160 433 9635,Q7g5fu
174,Isabelle,Fahrenbacher,+66 270 775 0964,7eqoBa9b
175,Corey,Proudley,+52 922 341 1846,NtkMmWrZx
176,Gayelord,O'Longain,+86 358 460 5398,LHBHjjFLYs1
177,Andris,Stovell,+62 742 208 2927,l96sDcSsC
178,Sissy,Gebhardt,+225 727 892 1078,PARSxYCM2
179,Laney,Gosnoll,+51 418 410 6763,XaZ9QprDGoUZ
180,Grace,Coney,+996 146 639 3698,OcuqyuWvKI
181,Burk,Sommer,+86 242 656 0598,1dWys8M1OU
182,Prudi,Littefair,+86 515 925 0836,gvMwLC
183,Belle,Kleinhaut,+48 597 304 2402,yT5NpAAL
184,Corry,Hechlin,+62 489 521 4775,uCvE8XEHs
185,Portie,Parton,+57 423 265 5767,8wlRCm43Ht
186,Tiff,Gaine,+62 538 543 0752,rkDtItXf8RaM
187,Hildegarde,Offer,+86 668 541 9839,X3YlAf36
188,Kip,Olley,+389 971 393 2029,UWANUNla2D1
189,Derby,Hamblett,+81 458 120 6510,RWoFo8
190,Virgie,Loveredge,+86 874 762 8009,9x1obMeW
191,Sean,Franzel,+86 130 357 9831,WoMCNXyy1KY0
192,Krishnah,Knappitt,+86 831 475 1789,2iteYQrJk598
193,Inga,Guillotin,+55 661 507 5594,OyZBL4
194,Nonna,Tiplady,+1 643 862 0391,G4YUTgdlo
195,Lydon,Forsythe,+86 275 647 4572,VxwnwzuNC
196,Kip,Kimbly,+55 260 215 2048,U1U1E3
197,Vivienne,Tonbye,+7 127 934 1088,OhqcZTplANAI
198,Louella,Messenger,+63 942 149 0749,6cDJv9o
199,Lucius,Cockerell,+86 158 342 3122,ii3ShCQUc1
200,Paule,Berrane,+48 158 946 3675,QlIBmvUjlZh
201,Evy,Ramlot,+7 413 448 6217,5nYJVmbS
202,Barton,Edmott,+7 701 335 2741,fJcYhcMn
203,Lynnelle,Bateson,+55 142 828 6549,QkZnsUN4zZ
204,Eadmund,Ghelerdini,+46 680 723 1480,Po1rKTtFu
205,Orson,Milne,+505 470 409 2878,VbH2ut9gVTgs
206,Norman,Curnnokk,+62 661 166 7873,ZkDrhH8Sxz
207,Cassius,Bortolutti,+965 473 590 0247,EMFJXu0kVHM
208,Earl,Blondelle,+62 999 170 2836,nDRyqBjGp
209,Dyanna,Pawlyn,+86 767 121 3723,skyA3IIXU
210,Ginger,Worland,+62 676 730 0386,hr1ASgraaV
211,Viviana,Mille,+1 147 978 7279,HajuC8
212,Othilie,Norrey,+967 422 362 1779,emwzpAPuBM
213,Allys,Oddey,+33 771 601 9894,UfhHOUhCQo
214,Harland,Pickvance,+880 754 677 8246,WiKLHeg
215,Toby,Wolfenden,+86 831 666 6826,vrBLQhiBi
216,Lock,Covell,+7 712 134 0716,qG2gMh9lpPn
217,Hayden,Petyanin,+86 379 669 6816,hrjUpc
218,Bealle,Barribal,+507 635 153 4917,27WYsN
219,Melessa,Kiezler,+86 964 997 0984,P9dLW64E
220,Samuele,Lys,+1 610 148 6556,hKKzsq8SlY
221,Selig,Flaune,+55 550 657 6319,2V7E8p
222,Kaspar,des Remedios,+86 694 476 9562,ntdQDGF
223,Cornelius,Brackstone,+420 928 133 5310,ke36ACYH
224,Demetris,Flode,+51 695 695 5245,OSfwHSlokxrM
225,Neron,Kubes,+998 793 382 5570,YLmDaosADAJm
226,Duffie,Verheijden,+380 504 279 7737,dLcWN9xs4mN4
227,Darcee,Fumagallo,+51 580 320 5166,Cpsn39NIra
228,Omero,Rablin,+86 811 915 0490,UrxJs2bfov1n
229,Roshelle,Tripett,+62 672 637 2419,lOuLMl6t
230,Lola,Titmuss,+86 366 867 2450,stMOosP
231,Vaughn,Ackerman,+86 601 414 7693,IUq2pUrVweb
232,Corella,Pitson,+47 478 753 0150,G4urwmT
233,Des,D'Costa,+33 861 907 4223,GEkkDRHpNe
234,Giffy,Mateev,+234 491 493 1830,l9tDJKxp4IPD
235,Maximilien,Sacher,+48 705 948 7707,GMZLVUyyHq
236,Adrien,Antonellini,+55 445 510 3157,clkIQc3F4dV
237,Jamil,Mathou,+62 489 100 4299,OI9evy9dR8
238,Orion,Roebottom,+63 234 485 4268,Tkb4paGgm
239,Millie,Rawsen,+380 187 822 8203,RBLFjaD1
240,Audry,Musslewhite,+420 945 623 2448,ONiglhj
241,Theobald,Haggith,+86 622 233 7513,cRVPVITAKt
242,Caresa,Husbands,+358 159 697 2794,6IyWfPwR
243,Johnath,Larratt,+41 527 199 9847,WzblsWxjKY
244,Gino,Mayoral,+86 550 615 9369,PQODOlOX4kb
245,Izzy,Crathorne,+86 406 784 5051,ICW4jl
246,Sheelah,Smeal,+7 658 273 9987,YBQLtX49ptJl
247,Prent,Wallentin,+385 497 592 1345,DTjZyai6UFfT
248,Lamont,Iacovuzzi,+86 452 430 0611,hVWq8EXKTlC
249,Morris,McGibbon,+55 251 896 1322,0ArAVUEH
250,Nolan,Robertelli,+82 472 473 3371,ABOPZxMSuW5K
251,Augy,Marrian,+420 180 223 5832,q8uluc
252,Conant,Lesek,+54 666 932 0319,lfmIgf
253,Phillida,Nutley,+63 386 807 4406,jU9LPilVS7
254,Timmie,Kellogg,+86 550 254 9017,j4sxCQ8gPUO
255,Rodolphe,MacGinley,+92 826 291 0844,QGwcgbfa
256,Danna,Lillicrop,+55 919 967 5461,7avrjJPAGM3a
257,Chanda,Lakenden,+880 676 479 2162,Cxf5a2O
258,Katerine,Tresler,+1 119 822 9585,9gZbD5
259,Emelina,Itzakson,+689 169 427 4083,83hCqj
260,Ernestus,McCarry,+86 675 670 8773,JWmihF
261,Raffarty,Cleall,+51 235 680 3805,mGvoDxD9Gr
262,Rhoda,Texton,+98 143 516 1054,JK9IQ9N
263,Obie,Giroldi,+7 776 437 1762,OPESWKpJ
264,Betteann,Print,+86 372 140 9690,pP30BBLzB
265,Reinaldos,Hanstock,+353 228 129 8866,B0W6fDh
266,Cody,Killbey,+504 220 982 5450,LyhFBs4kgHx
267,Sigismundo,Laffan,+86 486 874 2198,b7yRQRdU8ek
268,Amory,Gehrels,+55 235 688 8503,fqavJUk
269,Hube,Wiles,+86 227 730 3837,GzNLs77
270,Marianna,Cooper,+48 280 303 9128,h2vP1I
271,Sigismondo,Marsden,+351 790 165 5179,XCbRTUFj
272,Roarke,Van der Brug,+60 599 512 1748,ZOL2g7
273,Miguel,Sellek,+420 494 931 2838,NBoYNT
274,Jerri,Egdale,+855 628 185 0283,uicwMrkE6
275,Erena,McArthur,+680 546 723 0332,Gub6iP
276,Britta,O'Grada,+55 194 602 9720,iAEDaYUT
277,Cristian,Pittle,+263 792 589 6709,IPTbYe8iS
278,Delia,Aloshechkin,+507 150 956 2626,dZ4V7TrLdE
279,Peterus,Swynley,+86 611 533 7097,hndBlEHKuw84
280,Delbert,Kersley,+385 866 175 3385,8M9W3ROZT9vm
281,Benny,Yalden,+234 208 556 0048,iBiSjxduh
282,Harlie,Tallis,+62 696 873 6015,dqVMmEPP
283,Barnie,Sollitt,+994 470 850 9670,tyhB0MlNux2i
284,Giavani,Feak,+7 300 720 1188,6bpt4FJy4
285,Lonni,Peoples,+62 127 926 2544,HPBMsnOC
286,Gallard,Kolin,+355 775 423 2994,bo0DgoN7Q2h
287,Hobie,Hazlehurst,+54 568 767 6760,5NonecK6G
288,Druci,Prewer,+33 394 334 5667,eNRG0eyg9jJ
289,Ceil,Balsom,+62 837 996 8182,64a64Vs
290,Crissy,Cordrey,+86 683 617 7655,jjO2vXbhS
291,Karrah,Attlee,+7 629 301 6875,q9iZPz5nKG
292,Salmon,Rahill,+254 362 652 0292,jZVRaw8XCem
293,Julius,Maltster,+7 810 812 9482,YHLkhLByVRj
294,Carlyn,Armour,+245 859 973 2079,NwnkUSxLw
295,Che,Whife,+27 172 596 5980,nuHV56AYheZr
296,Jobina,Mattocks,+46 401 832 5761,7jeqA2
297,Eolanda,Gateman,+62 112 807 1222,8y8xMr6oDM1f
298,Valma,Tinline,+62 978 399 0174,c3l8IYApI1f
299,Jeanine,Woolward,+30 399 467 4698,ubz5uC74r
300,Ximenes,Dennis,+387 137 843 3459,YQUKhR
301,Charmane,Denys,+86 148 821 6115,HwoaNOLP
302,Micheal,Greated,+235 185 217 4237,mWTXHl98rFEs
303,Pren,MacTurlough,+86 229 336 6359,6AR1g51
304,Noami,Shiels,+506 819 730 0262,fdI1fS
305,Frederik,Lydford,+351 614 140 5956,iAVn15i
306,Mathias,Sherman,+86 604 453 5621,caL0HD
307,Hanna,McGloughlin,+55 568 744 3575,YLUap58htG
308,Abba,Loeber,+57 793 970 3805,ljGAGV
309,Lilli,Tyndall,+62 320 235 8451,wS42USmrx
310,Bordy,McCarrell,+971 124 852 7628,snHz6J
311,Symon,Larderot,+7 547 544 9970,7Ty7qmRk
312,Odetta,Lewsy,+86 850 377 5717,2MygcyfU1Di
313,Nannette,Riepel,+86 460 676 1910,SPVgY7D
314,Say,Vidgeon,+54 838 932 0457,gdO5anEquL
315,Karalee,Dillow,+33 492 866 4205,nfhqI947U
316,Nannie,Burgoyne,+62 169 794 2763,m5hG5zSO
317,Teena,Crump,+62 361 548 7652,DHZudwC8Ci
318,Madge,Dondon,+33 290 226 8822,XAHnIR
319,Marlow,Rains,+420 292 389 6009,7qSBhoA4dm
320,Blaine,Rodliff,+7 420 989 1557,hvNZkiNIJicD
321,Joshia,Danet,+225 139 110 7518,wieSqTIovIx
322,Felipe,Duigan,+254 620 656 5522,xcZAK24dN
323,Milli,Keegan,+86 911 118 7872,q3ENaE7QuB3S
324,Mallory,Burress,+351 338 397 5978,qhUTgbOZ
325,Shannen,Yanov,+998 967 209 7392,phfdoMtQj
326,Raina,Sterndale,+46 596 855 3185,H8MFUJ55zK
327,Ortensia,Choudhury,+63 718 964 2962,jGEZjfqQnkz9
328,Nessi,Bloxland,+63 662 665 4834,hU3D4Eoz
329,Rosalinda,Naismith,+86 325 337 4185,y2xak5
330,Onfroi,Ryding,+357 260 589 1598,svGuSzK7i
331,Chadwick,Seawright,+54 615 711 4478,T7OPGVTe2MK9
332,Justus,Latus,+593 362 207 1789,tTTbPl3F
333,Nils,Batchelder,+62 943 994 0661,FC4knO
334,Rafa,Tippler,+86 733 885 4966,sZkxhOrGaQ
335,Raviv,Tedorenko,+46 646 279 1242,nOWbTHyT3wRN
336,Salim,Andrault,+63 188 842 9517,M3skvtKMCLTN
337,Arden,Ianittello,+57 229 717 7719,FPPDf7WoFU
338,Nedi,Wearn,+55 903 317 0914,MnU5iZNWle
339,Jemie,Wrench,+86 366 884 4575,i6xysf5g
340,Ursuline,Matiewe,+33 645 599 7469,lznKnfcmu
341,Cecile,Morgan,+380 140 833 3407,YUQ8IG6pkEYp
342,Lauralee,Hainge,+1 141 858 0360,uLVbnb3
343,Cinda,Mac Geaney,+351 605 100 4632,ZvKHGfglwm2
344,Lionello,Broinlich,+963 232 747 3804,y3HIbQl
345,Barbra,Andree,+86 424 809 7049,ybi9ep
346,Honoria,Kingsman,+352 971 609 9448,YgfTbF1OSjBh
347,Kippie,Bickers,+98 998 906 0551,lu376rOLE
348,Rosette,Miranda,+62 794 237 8812,025xIHknFvEr
349,Cami,Week,+352 631 128 9774,5NQnh3Y
350,Terese,Clinning,+86 437 145 5255,FzCRO0
351,Sterling,Kryszka,+33 944 699 4882,afZtw7uwXZUT
352,Ardath,Nissle,+7 862 644 4502,aXxXkvFp
353,Chicky,Dessent,+595 927 450 1158,J0mK5UaOhfdt
354,Elvis,Shury,+55 804 486 8502,KwGTClUXj3Ji
355,Peder,Cardenas,+62 662 396 4446,PiSD1XtPmz
356,Lauryn,Sibille,+86 668 185 9246,U6JQzg0p9c0
357,Petunia,Gedney,+382 478 501 3130,OPaxTQGUfm9f
358,Lynnelle,Kermon,+63 158 700 0123,1ubeIHmEzitN
359,Raimondo,Hardeman,+229 836 239 6637,xJW4YHr9zGX
360,Raven,Blankau,+7 628 521 1696,L8uwuHDhi
361,Zeb,Caldroni,+86 205 684 5768,JMfj2u0
362,Trey,McSperron,+62 740 653 3382,aA3iJJA
363,Walther,Pippard,+63 122 411 5027,tcy3e5snMo
364,Daniella,Vlies,+86 973 939 8073,XXhWrxvEPxg
365,Sergio,Wannes,+86 499 871 1605,cfwRP2sA0qi
366,Lexis,Prose,+1 210 177 5066,913F7U1s4Sxq
367,Jacob,Elliker,+57 864 147 0541,0iRQOv
368,Waldon,Coushe,+994 618 644 1951,rW9yEz
369,Theresa,Storror,+62 640 288 6865,wkJUjMViH
370,Arman,Hutchin,+251 863 292 7010,KkAYqvJ
371,Tammy,Eisig,+62 184 651 6013,r5YKLj
372,Tobe,Kobes,+55 332 270 1483,aOQDNJwsjZB
373,Alma,Lillow,+81 471 397 6969,HZFpJHRmrFa
374,Northrop,Laurenty,+7 515 672 9637,pESmzFyR3
375,Anabelle,Nezey,+7 164 893 7623,Tte2EkN
376,Gage,Voden,+33 365 485 6447,P2DTP7
377,Floris,Swancott,+385 416 912 9904,QBbKCQbGJ
378,Prudi,Swinfon,+63 591 499 4651,3lV1J5
379,Dicky,Crews,+1 704 747 7870,dGl2XJSoBzLe
380,Sheff,Felgat,+355 392 510 9790,jHQEFPdjWw
381,Alexei,Boschmann,+380 927 170 7967,ySVYgw
382,Almeda,Goodered,+240 554 454 0668,VeN5tVlq6Cb
383,Pia,Shakelade,+86 798 265 8142,VM9BIG7w
384,Fayette,Power,+385 261 491 2077,lprnf3GL6L
385,Biddy,McNeilley,+86 454 970 7684,sDhHaJ
386,Shirl,Clemmett,+236 440 422 0393,3D3TfqrIkCpX
387,Mose,Coalburn,+95 779 510 3895,0vNqZ8
388,Myrtie,Proudlock,+374 432 517 3241,XAnGecb8M1c2
389,Lilah,Plott,+963 201 357 3527,o9dHUM7DU
390,Cassie,Fronek,+54 865 915 0108,gUfDJ5
391,Doti,Francesconi,+381 957 765 2423,FEWmBYJv
392,Mufi,Martel,+63 948 723 7084,U8NPLge
393,Dita,Hapke,+86 834 824 1544,aL3JXoUaGBl
394,Claiborn,Stoffer,+7 649 101 6034,3Pz0gddFXxP
395,Kyle,Hamstead,+386 317 148 1352,XyTYV65c
396,Joanne,Pedlow,+420 637 226 8919,MmCtTD6y
397,Carol,Stanbrooke,+86 958 513 6541,Po6KGy38MKS
398,Nissie,Whettleton,+62 483 513 0047,H5hut2u7qmW1
399,Binni,Chess,+52 861 924 7557,Lsys10HD4R
400,Karel,Antliff,+86 955 200 8403,BYcWBW6cqyuO
401,Dud,Trase,+51 574 918 3950,Xd1F1MAQ
402,Phip,Souter,+86 688 310 4121,QLWgdE5R
403,Nathalie,Hamstead,+82 748 992 7024,M9FnmR242q
404,Vincenz,Shilleto,+62 648 242 2101,hb2kzTtJFS
405,Geordie,Ewbanks,+47 586 655 2302,GHQRpn4
406,Ber,Ballham,+86 234 213 3361,AuTIjWfO
407,Cortney,Ledger,+62 533 943 0175,UefZ6Kuzhv
408,Jori,Charnick,+386 136 172 1808,a2wyuI
409,Philippa,Warman,+33 189 306 3329,rKF7U6aR6r10
410,Ambrose,Gerault,+55 745 446 2731,BpYi2rSP8hg
411,Hew,Dickson,+420 673 166 4985,qFWpH4aENWf
412,Emlen,Coxall,+55 623 537 5599,FwhIW2LLmiq
413,Marilyn,Plaice,+62 821 656 8283,VHR3sDyAMqF
414,Ibbie,MacScherie,+63 190 887 2618,JH44QnMw31D
415,Delaney,Vernau,+850 345 159 1830,n5NdkX
416,Steven,Horley,+92 581 361 8224,of7Yd8
417,Karisa,Donkersley,+51 413 565 2454,TKLMx2Sfql
418,Corbett,Elcocks,+375 661 429 7026,9KvmVpfFk
419,Trenton,Launchbury,+220 493 689 8662,jPAlrqFH
420,Byrle,Oxby,+57 925 463 6314,Pn8yUKHZY
421,Tamar,Navaro,+351 812 154 8895,k73xMV0L
422,Pearce,Hasslocher,+970 314 547 8573,WkT9VWR
423,Joelle,Waycott,+62 149 306 9765,3Y3WbWNnbMxO
424,Kasper,Degoix,+66 389 151 3985,IC6hfRQ
425,Phil,Harry,+420 402 593 3938,bY3ttMRyE
426,Rollins,Giddings,+63 163 471 9249,uRjXLHUP9
427,Addi,Poundesford,+420 600 545 4367,SoCDmMx2
428,Mozelle,Challender,+1 337 520 3483,dGsUAj4E
429,Joice,Manueau,+52 533 950 9775,sauc7TH
430,Vevay,Lamartine,+55 141 767 6997,wUMgdBc
431,Alphard,Yea,+381 358 860 4896,D0q1odNnF
432,Ollie,Schlagtmans,+7 567 610 4072,8eKHVI07j
433,Rivy,Klich,+27 928 776 3654,pP0nrFkGOKO
434,Errol,Canning,+62 646 435 7375,Vjze52IdU
435,Edin,Denyer,+98 509 630 3361,lkkbydwcp
436,Rochella,Mattingly,+970 785 776 7851,A4vOk4VR7h1
437,Mala,Attril,+98 882 236 5759,LNtMeDB
438,Joelie,Loutheane,+52 462 228 2902,Cx36vK
439,Valenka,Billings,+62 967 738 4915,n96e7t
440,Georas,Ariss,+55 659 564 4188,c8wHk1PWiey
441,Cordie,Morstatt,+81 559 570 4857,j5HFPa8333q
442,Clementine,Riehm,+7 791 780 6313,XiXWj9cvLB
443,Leslie,Gradly,+963 967 563 6555,gAhEBTV7SkzK
444,Hadlee,Gammidge,+33 661 355 8178,7r7znYHyFfk
445,Noby,Simyson,+86 858 857 0530,0m3Bhg
446,Ashlen,Karoly,+62 986 814 0347,LaKPwgEOh1
447,Nevins,Turtle,+670 551 351 2068,Cm9LuPTF3p7C
448,Emelia,Birwhistle,+62 393 658 0904,eXwrvcqHbHS
449,Leelah,Habbes,+63 613 498 5128,gnmLvzan
450,Maisie,Stogill,+63 694 846 0053,CLPYC2i8TOS
451,Granthem,McCleverty,+62 670 138 0160,op6WXb8v
452,Karia,Jenken,+58 454 272 1438,4iDs3j7tU9
453,Julie,Suett,+7 285 591 7013,uRouMyZz1jAm
454,Kareem,Larkworthy,+48 466 985 1939,dig3pfVTYn
455,Shelby,Croxton,+86 487 629 9542,cpngZn
456,Amalea,Guiet,+968 436 580 0751,uJtyCX
457,Osbourn,Celes,+7 485 343 5664,iIiTfxO
458,Anatola,Coxen,+385 489 252 9309,J8e1VuYQ
459,Erek,Ferbrache,+61 632 981 4192,2lpkqTVuc5
460,Cherice,Bullier,+380 507 650 2399,osiMhqpq
461,Sheryl,Trustrie,+383 212 188 7529,Uz6knj
462,Katharyn,Kleanthous,+63 577 124 5642,UaD9DqyyZ
463,Clevie,Riggert,+351 488 148 5421,VTeFyL
464,Jody,Markushkin,+351 343 408 1084,ML2Or8wE
465,Joyann,Bolstridge,+86 991 600 6380,jtGJSo125qh2
466,Woodie,Nicholas,+351 907 988 9820,TQK4cpHPrx3Q
467,Andrea,Bailess,+54 527 770 4615,T3HjkX
468,Cliff,Brend,+1 460 104 5278,eD2Bjyl
469,Dillie,Ruxton,+63 959 363 1057,J4c5ODG
470,Jourdan,Wylie,+86 956 752 2049,zby9OfWeMJ
471,Aime,Halsey,+48 576 807 0606,D2V6W9
472,Marlena,Buntine,+1 267 590 0532,VHbDaSI
473,Moselle,Josofovitz,+46 533 848 0531,ILQqHEIN3rQ
474,Wolfgang,Warrington,+7 904 479 1034,HWJl2za
475,Armin,Melesk,+48 705 610 4096,RdPngGxu
476,Alice,Cromb,+507 208 845 6050,aYV8w9F4YlyC
477,Drew,Shailer,+55 656 239 0000,4ygQc1I5fyHC
478,Zelig,De Biasio,+52 713 861 5698,EC3TJzuWiW
479,Lorena,Sahlstrom,+7 540 836 6813,Er6qrhNV
480,Calvin,Dwelly,+81 841 880 6637,ad0LGE
481,Ephrem,Wastell,+7 306 530 4053,sv845f4
482,Holt,Klasen,+62 140 628 5927,FkZ4HNQe6Yu
483,Seth,Brownett,+33 186 231 3316,Pnn4BNMT
484,Tammy,Gowans,+46 222 349 6245,XkTm1ZqzBDb
485,Milton,Oakey,+47 338 517 3846,OcuFHuxatSJB
486,Mercie,Boutellier,+55 272 523 3959,S6BJWWG
487,Jade,Aylward,+234 648 592 5348,EWRi71Y
488,Leola,Pogosian,+355 653 590 7956,Diax4JL9IK
489,Brendon,Chelsom,+692 655 581 2661,WbTIc6LUZvRN
490,Archaimbaud,Gammell,+33 780 964 6133,vIHQgmu80X
491,Jeannette,Lotte,+62 892 942 5587,KFFuY3Cn
492,Kimbell,McCarron,+86 999 767 0725,JSQ6fBcpQ5
493,Cathee,Manginot,+86 643 961 7333,S9mmbKL4jPQM
494,Malissa,Febvre,+373 255 222 3844,fkaJeeW
495,Odey,Clementi,+84 259 852 2313,dssMdP7oY
496,Violetta,Cosin,+62 437 507 2168,fkXIRoVT
497,Aymer,Wathell,+84 111 568 5149,AUzuZCIxC9
498,Becki,Dow,+34 747 426 1874,89gpZfjl2
499,Krista,Scamaden,+55 395 851 6122,KjHUibpaXf
500,Alyson,Purslow,+86 644 815 6941,BjL6kMtzg
501,Katusha,Danihelka,+223 734 897 5890,qdEOrObiJd
502,Maisey,Gandey,+48 858 240 6766,u8nJonfrjBj8
503,Sheeree,Turley,+7 699 168 0849,IUFqpAOoUct3
504,Raimund,Formigli,+1 415 128 3961,O5hq3DD0
505,Caritta,Hobben,+48 512 561 9810,jt1cWl
506,Harriott,Deluca,+47 392 559 0365,AycpCo
507,Emery,Kraft,+86 162 169 9132,hpcxLnNfQ
508,Francene,Messiter,+63 995 116 4821,FMW79W
509,Anderea,Rodmell,+235 928 866 2411,oVYrync
510,Haywood,Attyeo,+62 159 203 9645,EhfZYA2iD5pW
511,Guido,Coorington,+86 555 349 6645,xSNZ3kecBj
512,Maighdiln,Gipp,+81 504 823 4904,HIothn
513,Leanna,Harbin,+63 195 642 7522,m5A4ZmIlbHG
514,Elvin,Stille,+81 612 217 9875,gtxFwM
515,Tiphanie,Hincham,+86 516 626 3269,HryHQBKtP6O
516,Heindrick,Aggiss,+1 180 515 6832,3yQndd2kL
517,Percival,Fenech,+7 804 863 9350,d5qFn88vg
518,Arron,Farnworth,+81 191 623 7427,KTaiiH
519,Christalle,Simister,+86 256 115 8466,OCHRXUQR1o
520,Rasia,Cornels,+86 915 786 0729,uIgMqF
521,Stu,Cholerton,+62 682 410 7982,mv5WhtH
522,Christin,Cruddace,+51 588 184 0127,7V2eYI
523,Eleonore,Tortis,+55 602 504 2848,BZMABmFanT6Z
524,Rora,Barson,+86 794 910 4625,c7UIvWwMQU
525,Irma,Lowdes,+63 195 158 3489,I6DRy8bLZgc
526,Ethelbert,Le Blanc,+86 694 258 9792,k8YW0P
527,Jozef,Penburton,+62 427 566 4252,slxCv2Ef4Z
528,Dacey,Wilmott,+62 132 602 3485,rluHEDg
529,Marcello,Boissieux,+242 243 797 5532,bSkDnNvx1dPI
530,Tandi,Balstone,+62 769 506 9286,hcyzgg1B9Ra
531,Loni,Calbaithe,+81 463 243 3549,VpvHQIS
532,Amalie,Persent,+54 407 442 3362,49rwuOmqlb
533,Billy,Rizzetti,+420 277 650 8885,yi4XsLkR
534,Suzanna,Sheldon,+7 773 342 3659,iLJmlYdC
535,Latrina,Stammer,+420 282 454 7460,miYA6v
536,Marita,Constantinou,+86 419 354 6236,hBXDYcxsy
537,Raff,Colnett,+20 631 758 1006,RZNnOlE
538,Luella,Hartin,+66 611 393 0872,4SYdVgfazt
539,Grady,Winthrop,+63 919 820 4779,zNOsVETRB0MU
540,Noel,Bakesef,+967 454 947 8372,PKF5Q1yw
541,Ethelbert,Scoterbosh,+57 825 644 7406,A9lwsMSLBGKD
542,Eleanora,Cordingly,+370 863 710 9151,espKYZ
543,Pascal,Wyldbore,+63 888 703 1691,L25rbzfpDdpQ
544,Chad,Gilpillan,+63 426 705 6324,dTW8db4
545,Shane,Ramble,+62 766 673 0482,vLdjbdIV
546,Ali,Grimes,+86 895 685 9168,gmpSkOR53J6
547,Bernard,Walbridge,+33 378 990 8461,E6Va96D91k4
548,Catlin,Klimontovich,+386 363 195 1544,zHQghjCv5
549,Merna,Jeyes,+86 987 126 8566,pU4ImTje
550,Barn,Purser,+967 671 467 8609,eLv41WZV
551,Virgilio,Siggee,+62 620 957 9666,WQe1Ywa
552,Delmor,Pendlington,+62 346 558 7444,7XQJEQDfGQ
553,Duffie,Saltsberg,+63 439 781 6495,AQ2DaIRqMa
554,Archambault,Lailey,+86 340 381 4968,9zZ2raa9V
555,Morrie,Paszak,+86 861 608 3204,e2lOA2
556,Chane,Kirkham,+351 793 884 9568,cES3g9PP
557,Sherline,Willsmore,+63 242 368 4022,3D05qFCdV
558,Jeana,Prandin,+1 904 126 4523,MnMElO
559,Glen,Brosio,+55 141 913 1930,UTNXlUwc6
560,Leoine,Driussi,+1 226 460 0913,b6gudPZ2op
561,Meyer,Titchard,+62 423 808 5469,C0ysFs
562,Carter,Jeayes,+86 601 205 3189,kyUU8eKml5a
563,Anastasie,Brunsdon,+86 963 173 9200,jeVJ6x
564,Jsandye,Tremain,+33 776 606 9961,LhuswLY3iWQ
565,Elianora,Luscott,+963 142 712 8852,wvmnpQ6
566,Violet,Dmtrovic,+961 168 552 5639,LzoLee
567,Evvy,Fulk,+86 968 529 4581,EPzJzi
568,Corine,Boumphrey,+7 848 670 3135,DMdgMr8F
569,Goddart,Denman,+7 120 239 5687,aEwaRcNv
570,Isabeau,Bottomley,+86 863 967 4237,kGgFLmY4Bn
571,Garik,Lindfors,+1 247 795 9292,lmZvkqCCZgQ
572,Isaiah,Joutapaitis,+680 509 178 5224,ZKqLlc
573,Nicoline,Smeal,+62 112 943 8420,jQvFOS0O
574,Filmer,Carren,+420 546 356 6538,FIN83M2KVq
575,Hyacinthe,Phinnessy,+51 474 319 4386,tgnA68mzjS0
576,Nani,Beaglehole,+386 737 467 7626,AbLDLgV5s
577,Rip,Melan,+46 163 590 7861,3CRfGOaBsiz0
578,Jamie,Forton,+86 194 479 5664,L9F464smuo
579,Jacki,Burmaster,+385 932 960 5185,7mtBL0wC55C
580,Bunny,Cossons,+86 663 699 8498,XzK8I5Kh
581,Hedda,Bransom,+51 222 733 6909,OSUDUWTE
582,Shoshana,Shreeves,+970 931 679 3055,5TX6KJU2RAd
583,Frank,Rosenfarb,+359 391 226 2400,ues9pKkVRsWh
584,Ezekiel,Havick,+54 496 818 3188,s3nELYvE1HhG
585,Britni,Habbes,+63 326 729 6929,gLh2Q9o
586,Kayley,Vickars,+55 939 656 8836,EgFlJ6u6l1m
587,Dermot,Cottell,+62 338 968 0765,BfllfuVll
588,Esme,Basford,+46 551 417 3751,V7t6paDVQ82
589,Kearney,Bert,+98 528 547 6568,cwjDZk
590,Lynnell,Conquer,+7 455 517 5715,7G5M5WhhyD0
591,Shurlocke,Kilford,+234 915 194 8709,KqpiibEeyR7
592,Morgana,Carrigan,+57 634 344 0412,F6OL37vrO
593,Sabine,McMeyler,+961 581 244 4130,Iy6s2Y
594,Zorana,Stonham,+385 566 115 6036,oEvSDbQP4
595,Renaud,Passion,+86 998 835 5883,czMfDJM
596,Dante,Fannin,+370 583 975 8867,S8VqwIC4
597,Reamonn,Riepel,+1 953 577 0432,Ew2TaQUoR
598,Witty,Davys,+86 320 679 1137,zGT8C4P
599,Griselda,Merton,+57 378 683 2377,1Y2ccquHOY
600,Coretta,Broad,+7 605 862 1309,mBSLvmD
601,Padriac,Gothrup,+62 112 311 3974,dhi8mE
602,Gunter,Nazer,+1 860 211 2464,Xqg1CU2YO841
603,Nikolas,Pugh,+86 133 669 3740,zun1d6DCq
604,Mei,Plumbley,+41 191 724 6216,Xob4yxvdsd
605,Sunny,Cosker,+86 592 757 4048,6IO9JyJx51O
606,Virginie,Drance,+81 304 777 4869,7F46qR
607,Quintus,MacGaughy,+86 374 572 7355,WUGTK7
608,Corliss,Lickorish,+262 115 160 1726,s4nSFb
609,Rosabel,Martlew,+381 519 524 1934,xyL5ma
610,Jillian,Sanbroke,+62 541 741 5360,T98Cld9zkA
611,Marcia,Kenelin,+356 503 720 7676,afsNdJ
612,Shea,Reignard,+49 719 899 0675,CMtGmq
613,Marie-jeanne,Hamlington,+1 719 779 3991,l5bAAyWFuw
614,Bent,Ambrogini,+7 941 512 5580,0bx4Xl4CGU6T
615,Evered,Blackley,+1 213 349 9707,7qruej6w6e
616,Mariquilla,Pottery,+351 804 255 3458,dwdNpqgsa
617,Patric,Jon,+86 896 833 2321,miywtMLD0V4c
618,Donnie,Andreoletti,+48 744 592 6131,8bsimYnQj
619,Scotty,Farherty,+507 524 245 8574,7FgCZ3jsnvR
620,Alverta,Aked,+971 599 634 9633,0zCGjZw
621,Riobard,Cobbing,+1 630 704 0961,4ZU72Glr6
622,Bealle,Haine,+51 742 728 2663,vbbZtSxvGQ
623,Cheryl,Marriage,+504 757 200 8240,dvJmWzEJW7ns
624,Cris,Brannon,+51 118 481 3815,N0ZncDW57Sa
625,Maire,Milley,+62 288 657 5829,tElCgxTr
626,Valli,Light,+86 530 553 8200,CxWIhL0B3rPk
627,Hugh,Turbern,+46 480 208 3690,zcbiFqUGwB1r
628,Tracey,Hugo,+691 990 534 3702,TN3T9btBO
629,Ertha,Celez,+66 559 318 4506,Iq4GY1Ff7gz
630,Angil,Kauscher,+7 743 419 1050,dVsQyuW
631,Jodi,Dayton,+54 164 645 6934,neEZZOVzm
632,Maegan,Dignan,+269 499 785 8101,Csm6z18QOzJS
633,Farr,Delle,+62 608 327 4538,9mcXulBeL
634,Blythe,Scrowton,+81 646 568 6632,4YQOhH4cGMe
635,Tonia,Brunnstein,+62 139 530 4981,GDx74zd34eiP
636,Gusti,Matsell,+86 193 399 3387,zeb6eN
637,Goran,Dahmel,+86 455 748 2270,ppKAQOD1pw
638,Eadith,Greenier,+595 247 670 5497,iyVR6epHG
639,Goran,Hegdonne,+51 612 814 0873,3W7FfegR
640,Drake,Mitcheson,+86 258 754 1680,x1fWVpQ6
641,Daren,Spinige,+380 556 560 0031,CeQMQW
642,Filberte,Gander,+86 582 530 0312,5hoGew8qEy
643,Tallie,Beavis,+55 783 671 9097,6ggYjVa
644,Kania,MacDonagh,+371 578 593 6332,Lk1HA3ORqoQ
645,Kristopher,Awty,+51 993 738 8212,YrppEr2B6sBu
646,Aurelia,Estick,+62 540 166 6309,yrrDsoiW
647,Sue,Salman,+62 238 729 9521,R2QT1P5JP
648,Agatha,Pigny,+55 376 289 6100,CJSEFk0hd
649,Lena,O'Logan,+86 551 543 9250,pgkS2ObKrG
650,Aurelie,Dilliway,+51 346 671 9921,jpDoHbyS
651,Hadria,McLeman,+86 905 334 7134,TixnSf
652,Lazare,Hodgets,+420 576 811 2057,t4ZLJkSoJURG
653,Vitia,Caukill,+62 531 276 0607,hzKZCZi6iN
654,Oswald,Marusyak,+86 377 943 5497,0WQkis
655,Mae,Honatsch,+86 475 571 2498,RRHPQux5c
656,Erich,Joannic,+7 950 151 1212,LFio7o7VCP
657,Eugine,Minchin,+54 403 733 1661,DeNgxe1Gx
658,Ferguson,Ridings,+62 861 890 0581,pJbRkjz5Phh
659,Hannah,Lehon,+55 321 491 5021,AU7k8BILeJ
660,Fulvia,Chapelhow,+1 417 609 6757,OwdHOmpF4RpD
661,Alphard,Dufton,+66 257 320 8585,oc398ii9HXsV
662,Juliana,Onraet,+968 211 128 9499,2bM4HixDz7
663,Elianora,Duchesne,+60 114 533 8642,eKSy55geiQ
664,Brynne,Muckart,+33 247 855 5595,tUH5IMz
665,Rosetta,Strathman,+291 999 514 9317,AKhQk3lPYr3p
666,Juline,Tisun,+63 338 680 6908,epfaEtK
667,Lilias,Wallbridge,+380 384 711 0279,YHsVhEs1
668,Gusta,Rosser,+63 415 483 6047,YA9MXN
669,Cirillo,Banaszczyk,+86 403 324 6003,F6ZfqK
670,Corby,Farnan,+380 904 399 8214,7SotqV0IE2dd
671,Ryon,Chezier,+963 734 838 5173,fMCc1WFqM
672,Michail,Pitrelli,+506 404 949 1806,FB3en635
673,Marya,Corneil,+86 442 439 6607,oxzfWU
674,Cleopatra,Fernant,+86 951 642 8602,KEdgSUEU
675,Terri,Copestake,+260 195 150 7624,iQyv7zV2Ft
676,Carolee,Halpeine,+47 535 225 6849,UuLQolo0G
677,Christabel,Seddon,+63 406 478 7427,AdLKZDGdz7
678,Daphene,Argrave,+263 183 888 6666,G8zbkk8de
679,Winifred,Millichip,+63 224 474 2520,Z7vHjI1ZhTZ
680,Brendis,Saker,+7 833 946 3526,Rr0NimuB9uF8
681,Jarvis,Churn,+33 135 817 6604,hTLMZO
682,Klaus,Athridge,+86 632 212 1759,FwVTWPqj
683,Keslie,Capps,+62 266 840 9050,oYgjXrodeBSB
684,Marie-ann,Burk,+54 942 444 6555,fsYbBVst
685,Kim,Kopisch,+385 144 185 3077,LP0MXCNhSGSq
686,Weider,De Michele,+33 579 919 1097,9yRb3Mby
687,Helena,Menlove,+63 625 692 9473,ahAUe0JtXolr
688,Jobyna,Ferrero,+228 495 425 0684,aUqW0TfsGIv
689,Anallese,Brown,+380 589 300 7214,hVBW0b
690,Avigdor,Tailour,+249 117 758 9216,tL3aaBAHG4
691,Nert,Izsak,+63 902 134 2707,6Ne2Y7x2b1
692,Lynea,Swapp,+27 311 269 3926,m8FREt2a3jA
693,Tim,Prattin,+420 914 500 3578,A9OYUU
694,Gaylene,Routley,+220 672 954 1579,BmnDbPTQ5X0
695,Dionysus,Izacenko,+351 328 152 1182,xeAlIKDaiNm
696,Herb,Gage,+86 430 563 6770,UuXiGqm0
697,Ingram,Maciaszczyk,+46 831 490 0321,u8qLWvozonTO
698,Leonelle,Gocke,+86 324 524 3615,epKc7s
699,Jena,Headrick,+7 431 835 7986,NvwpaZ
700,Arte,Struttman,+7 921 423 4661,WxDkE3bTR
701,Deborah,Ipsgrave,+55 406 175 5647,GXXzWpgs1lc0
702,Gabi,De Hoogh,+255 114 655 8958,8HBWl4IkC
703,Joana,Ludee,+86 773 182 8162,zWuTlqu
704,Ursa,Rapp,+351 630 387 5634,MRE8QcDWI43
705,Sande,Wignall,+63 990 727 9492,Jcobw3UFbs
706,Tye,Gantzman,+55 743 746 5155,4wNehFY
707,Alverta,Gurry,+66 144 583 9433,hY6L2j97qjT
708,Olwen,Anthona,+51 356 495 1174,Kjcj4Azf8
709,Carmel,Huygens,+47 544 729 4055,gHoGYk5ZqBJ
710,Lancelot,Dudek,+86 681 193 4886,ni3fgFP
711,Gwenore,Wyllcock,+231 258 836 3168,efvewqKMwV
712,Stinky,Allot,+62 233 266 6603,W9gJ1yYvuV
713,Quintana,Colgrave,+62 869 438 8121,JubWO917kEL
714,Anna,MacAiline,+62 165 169 5715,JYPVs6P6vl
715,Joelie,MacAiline,+86 206 858 2630,NobBmj1webL
716,Sim,Forten,+62 317 652 5530,YA88Bt7
717,Leonie,Kingscote,+27 290 957 2723,E0z7DEvHtgQ6
718,Clive,Myrtle,+33 214 782 3687,jQYYv9Pdv5
719,Celeste,Beazley,+86 796 267 2616,XX6LEDmO7RhK
720,Kailey,Wisbey,+355 769 150 5455,KhLfkiAYjPL
721,Harriett,Bolesworth,+62 461 864 2425,1MC94DJjKYL
722,Malva,Norville,+86 733 855 2497,bWkO94t8AkoO
723,Bo,Batalini,+33 577 955 7452,Xg7vhDZSyI1
724,Caryl,Dahlgren,+62 950 380 7055,AFTRTxQOh
725,Adolphe,Mc Giffin,+86 826 265 7196,Vorys79
726,Merle,Guerrieri,+62 417 313 2448,b19J38WUcoFv
727,Trumaine,Enrich,+380 930 280 6059,ZCE4bS7hV
728,Brittni,Primett,+62 598 606 6312,Tpts1M9A
729,June,Ridd,+46 301 389 0740,daYf0Ed
730,Roscoe,Bodell,+7 738 883 5816,MjRJH7AX
731,Carlen,Lepard,+244 860 605 9748,STE5AZ
732,Frasquito,Chillistone,+370 721 982 2570,Ioh4J63BuIML
733,Hester,O'Crowley,+1 571 551 3049,cdeVPY4wASx
734,Pacorro,Sywell,+212 553 929 2385,6rzJwP
735,Lew,Aleksandrov,+351 316 796 1008,mNrFq9MpJ1
736,Stepha,Junes,+86 147 117 3016,AIjsOkDx4
737,Den,Frudd,+509 260 955 3263,e0IiAzEDp
738,Peirce,Bew,+686 918 166 4177,Qk2gz4RJlkx3
739,Sawyere,Buckland,+93 418 925 8424,vuW2CO2cglB
740,Alyse,Nalder,+7 686 976 4097,XiUUFLbt
741,Jessika,Tuft,+58 441 695 5856,rxWAFPVxKsd
742,Lory,Blaylock,+55 635 335 1608,Uy3Br1zQctg
743,Peadar,Ansett,+92 924 134 4124,eK2HBTTQg
744,Layton,Camilletti,+381 185 700 4222,BJpN0Sk8uLm
745,Adan,Strawbridge,+373 898 953 4428,14LvrnqKnLqm
746,Madalyn,Woolam,+381 397 979 5585,APhwrFrpKw
747,Gregor,Darkott,+504 645 576 4752,UR5qw8aJWT4D
748,Yasmeen,Botley,+63 831 524 9205,l0jYw1Cl5YLE
749,Abbott,Sines,+62 850 263 8483,L2zealI
750,Wain,Hesey,+86 609 596 8597,vAtAG0qRZuq
751,Sabrina,Olivari,+7 306 671 7693,r6DTFySeFb
752,Octavia,Layus,+57 420 122 2086,jRq9oG3h
753,Chloe,Stutard,+92 686 140 8806,Ga8IyE5eL2kn
754,Penn,Banes,+1 293 648 5054,MwZ10zBThhRN
755,Bruce,Ucchino,+7 528 579 6908,CEXlYr14t0RG
756,Dell,Hannibal,+7 130 503 4081,njlvbVy
757,Simone,Di Baudi,+389 383 520 1123,Y3PcjfpaL5E
758,Jessa,Colenutt,+86 400 956 9280,y58qeXp
759,Hardy,Faire,+503 500 489 5365,IxYR2lDYp
760,Christine,Focke,+63 151 928 7461,DykoB4n
761,Kacie,Reolfo,+992 709 241 9075,h9Z2TUhDHh
762,Raimundo,Giffen,+63 756 549 4256,jedwWP
763,Faye,Drohane,+81 307 848 1498,bMQg2kGQBs4h
764,Arvin,Michin,+51 573 139 9195,CFsYjGe
765,Carley,Mowbray,+86 801 668 7086,YFtBbE8ZcgsX
766,Darrell,Kingdon,+63 843 328 0862,JAbTMUYN
767,Randene,Grinvalds,+51 678 256 8452,Q1PyhlL6c1P6
768,Port,Hewes,+375 173 937 2028,IlfPWRDNEIDs
769,Mill,Eronie,+86 408 596 9000,zuk6W58T0
770,Benedick,Hazzard,+62 953 806 5738,IlUKqUSsy5NM
771,Hilary,Arter,+86 407 995 1452,rtH3tj
772,Marcia,Scroyton,+420 107 130 3571,VRjDqb
773,Chrysler,Mugridge,+996 463 176 9804,W65zGpI
774,Caren,Grunbaum,+62 860 336 4966,vsRnuw3Zz
775,Inez,Dallender,+86 432 991 7570,itqq9mVr5zB
776,Nelly,Rubinivitz,+7 729 140 9395,4g8ozrbopA
777,Evonne,MacShirrie,+62 857 635 1680,1Yve3vp
778,Vasilis,Nolton,+380 746 968 2229,spJyfd
779,Charline,Schieferstein,+33 324 708 9514,OaW7CTx
780,Vick,Woodrooffe,+256 818 473 5776,meM2QqQvu
781,Ricki,Schneidau,+351 462 156 1456,ZcJZAO4oB
782,Leonid,Gillani,+46 486 939 4789,Xj2gXJlUfHL
783,Yehudit,Kollaschek,+62 391 375 5045,QK7KerBc
784,Sabrina,Spottiswoode,+86 658 806 9317,7CeJtkwV
785,Ruby,Dillamore,+507 398 808 5300,cTtzUeU
786,Roxi,Spinage,+98 267 673 1480,kbDrzwssY
787,Pammy,Wardesworth,+81 821 669 8886,5Iz3gZ
788,Cristy,MacLice,+33 352 760 7316,v3B6nlmcN
789,Turner,Mews,+63 502 336 0778,zxjWaUCGL
790,Milena,Gunter,+33 582 943 7881,HTbejwBLJW2
791,Christoph,Flott,+58 402 650 3828,KiAbfq0eCtNZ
792,Jane,Siehard,+351 188 844 1153,llAWNr6HEI
793,Tulley,Westwell,+86 585 545 9073,SFBrIMyiYe
794,Deonne,Gouldstraw,+86 768 540 9137,HSNAGxWWb
795,Allianora,Davidofski,+420 481 864 4612,sOCCkBQ8CED8
796,Kalvin,Wickham,+86 526 803 1610,d2kjvwyS6A1
797,Carver,Theyer,+218 496 424 1651,PuSfmdWGRCH
798,Nichole,Cummine,+86 212 466 8245,R3SWdgTDppN
799,Benedetto,Ind,+86 681 792 3756,krHwDEA4a
800,Reyna,Confait,+62 137 286 6187,Xik6tsWJP1C
801,Blanche,Mannooch,+62 892 502 6874,bQkKh3GRmki
802,Carline,Jellico,+62 198 495 6079,RFgSXnfBf
803,Raul,Wynch,+33 232 274 8193,R6UT2KHI
804,Helenelizabeth,Todari,+380 137 785 0873,PxkmBA1S
805,Dorice,Luney,+98 260 657 0966,Kdi1XWShy
806,Jeremy,Petraitis,+220 866 142 0597,gXTJikqk3
807,Charlotte,Pendlington,+7 511 687 2694,A8Ikn8H3
808,Basia,Pocknell,+504 818 874 4034,PvkSlc
809,Glenda,Haughian,+86 477 603 3785,FkbFVoDwBmQG
810,Sammy,Lauritsen,+86 535 278 7165,1OTh1v
811,Germaine,Waddam,+7 135 245 8326,M4bLduV53AK
812,Logan,Newall,+54 628 783 5642,49ujsV3CJ
813,Tadio,Royson,+86 232 723 4172,T839GBoK
814,Toby,Beccera,+46 170 425 5724,iGOKiyqnq
815,Gerda,Ugo,+7 115 907 4332,01JxygTH
816,Jaye,Dahlbom,+61 906 916 0348,emNuUnKBpOx
817,Thomas,Brosch,+86 294 885 3295,124YWAnp
818,Milly,Wheildon,+66 813 470 9492,McfAUU8tpJYg
819,Marie,Winter,+62 533 464 8049,ZE6T7LBD2KY
820,Clarine,McGarvey,+385 932 405 0204,TM7dUwm5
821,Didi,Smy,+46 370 376 5119,TIPzfmE
822,Homere,Charnick,+62 529 649 8056,g5LOee6H
823,Ludwig,Fauning,+387 170 135 8834,ECpwCvxjWBe
824,Margo,Fewster,+7 205 827 6554,Jh3Xfnyn
825,Fulvia,Billin,+55 821 592 8239,oD9QrNH
826,Clemmy,Blunsom,+234 182 149 0540,xVbGyQ
827,Rosalynd,Flintuff,+256 753 224 9541,onGKrqNkx
828,Harriot,Chatt,+7 896 647 0266,Fg2hLQOU
829,Lucho,Westmacott,+62 553 332 4588,QOH5wZ2MuH32
830,Baudoin,Robke,+30 987 427 9200,2cCmFnImqaUU
831,Say,Coxon,+86 307 189 4950,arYamr
832,Micah,Maty,+33 994 963 7979,k3CHatx
833,Gabbi,Klimshuk,+237 423 867 6375,tqMrSL1uM3N
834,Elianora,Brett,+7 257 765 5595,9PcxPmV
835,Kellen,Bishop,+593 902 286 3737,ZyzjCXh5WH
836,Kinny,Arlt,+7 952 704 0878,FRdtktGRcesG
837,Alexi,Randleson,+62 455 443 9906,9WvEP6VrP
838,Liliane,McGinney,+86 276 129 8609,D5OKtmMX
839,Torre,Insall,+33 371 760 4981,LNBLhHyWE
840,Joanna,Hackleton,+353 603 911 0291,7xDy8GdOWby
841,Shaina,Perview,+7 750 885 2741,j3NUtLKbk
842,Davita,Gadsden,+420 846 384 1424,ez5vy0oJz
843,Eldredge,Millard,+81 320 244 8339,rMXQ2clMgHUw
844,Jori,Argontt,+420 721 447 0397,F7Mfhd5jAw7
845,Ariadne,Adelberg,+593 222 527 7707,G3W7xCxq
846,Ericka,Jenney,+48 774 619 1169,aNp1PEk
847,Joye,Olyfant,+268 438 486 5121,OipnhAPeFQa
848,Devora,Mapholm,+86 629 138 2677,UO61Ei
849,Caritta,Gatrill,+216 885 372 4964,aD59ZBcu
850,Leupold,Slimming,+48 307 375 7784,jZnGfpwzMiQl
851,Emelina,Rupp,+86 467 681 3659,Zig9RTACI
852,Emory,Goublier,+371 599 824 2711,pkKci2Ric
853,Lyndsie,Bellerby,+86 733 363 7350,olMHrSuBTJ8
854,Mikel,Rudham,+46 727 297 7593,Qsa5x2XWXj
855,Cull,Guynemer,+1 907 124 6450,hEXomJp
856,Devlin,Steabler,+351 202 844 5291,MHstpNuEe
857,Jaime,Cleverley,+63 317 779 1807,uhbLOC
858,Hughie,Sullens,+63 749 692 8054,bpgbyIcy
859,Robinet,Lindsey,+81 459 140 7351,U70WcAu
860,Harley,Tiddeman,+86 506 776 8032,OSzqsqhCQ
861,Zacharie,Franck,+86 141 624 4441,Q7y1olZdQ
862,Urbanus,Wadesworth,+84 816 157 4869,ZKdhi7em
863,Frazier,Caen,+84 988 952 1638,dAKNv0
864,Carmine,Simenet,+51 993 127 7486,GTz1gw
865,Annis,Moncaster,+1 217 176 5704,VIf9oAw7c
866,Ianthe,Graine,+353 617 646 1277,a6cZOG
867,Leontine,Callis,+86 413 805 8328,XDcA84HZV8T
868,Arlinda,Hugenin,+7 356 259 1477,A2Fjo8Mc
869,Cirilo,Oxton,+970 524 208 1585,BMLoww8srnpE
870,Christophorus,Petrasek,+46 839 190 6698,Eq8GLfPVwnl
871,Letizia,Escofier,+66 617 351 0450,nfPmKEWRg
872,Mariska,Wharfe,+86 331 718 7111,xJUizp
873,Forester,Tolle,+381 439 376 4195,v9Kdoj7aR3j
874,Lexie,Duchan,+7 223 334 9270,nDFn7kFa
875,Jeanie,Elverstone,+86 221 611 2913,8ZYeirAqb
876,Godard,Claridge,+86 228 992 3095,d4PXoyCXcf8n
877,Austina,Aldus,+591 618 784 1651,jSo2nbfxjs2
878,Dulcy,Southward,+81 184 897 6348,65CmxRydFa
879,Jabez,Yurevich,+86 189 120 3161,PJTJDoDVv
880,Dylan,Philcox,+962 888 675 8598,B4Lz128C8p
881,Gayle,Donaghy,+7 955 964 6415,mezwjM
882,Flory,Brody,+86 472 952 3224,eHYDL3NQEKy
883,Sibylla,Jenton,+51 404 527 5751,NxmXlN
884,Ruth,Ferronet,+55 708 598 9430,VhpYAwyYuS
885,Carmelle,Dicky,+86 427 461 9794,HgqaSlB0Z
886,Lianne,Gracey,+62 467 358 2796,bJrXHqAU
887,Emmey,Letchford,+223 118 892 9171,fPTQxw9RKel
888,Maison,Hatje,+86 409 585 1557,85xrWDoqYF1x
889,Pammi,Tanser,+380 452 832 0990,SCEhFMG8
890,Vina,Ech,+86 456 855 7399,VRZFRe
891,Vassili,Bailes,+1 396 565 3364,LuUjfn
892,Fern,Deeson,+63 313 440 9339,JMG88nKL
893,Raphaela,Camfield,+81 935 331 7561,YlSm8G
894,Georgette,Dell Casa,+51 320 296 1214,eFeY5nbDKGWZ
895,Bernetta,McComiskie,+63 592 621 8345,nS4YpHf7MR
896,Caye,Ziemsen,+86 465 977 5397,8YqnHJwO
897,Ingaberg,Grist,+53 722 432 9138,FHsx8hRiuw
898,Kial,Dudding,+33 609 436 1008,aqMKdLsa
899,Meredith,Addington,+232 775 447 5050,Ra4L5nW
900,Desirae,Mayho,+351 559 750 3419,83tOx7a1X
901,Urbanus,Beaushaw,+63 555 226 5128,Ibum8p
902,Terrie,Attril,+62 134 512 9043,q8vZvg1lUAO
903,Ephrem,Thornton,+58 305 888 4791,Xo5qRyUmc7
904,Creight,Lorincz,+63 412 234 1542,8RU0bUi8
905,Darnall,Spens,+1 376 208 0231,Ep4kq5Psf
906,Kari,Jebb,+51 381 943 0877,uy9uX1g
907,Vanna,MacCard,+62 269 874 2210,rMu1qym
908,Laureen,Castanos,+505 917 312 9265,ihPTf3
909,Myrtie,Palin,+86 185 500 8960,jmrFJ2zPX0J
910,Julia,Lochhead,+266 297 134 9949,9b9qO8b
911,Andrej,Adicot,+237 691 778 2749,rQNRi9
912,Elia,Faro,+51 356 768 5306,68mAfXt
913,Heda,Padley,+54 348 829 4767,0Dr5SdkAbhiU
914,Brittne,Marcombe,+225 522 272 3322,DXjYn5UPV
915,Maggy,Rizzelli,+351 220 790 2353,oLuoyPK2kdsX
916,Welch,Cawley,+48 842 118 6301,9W9O8loxva9
917,Devin,Aingell,+1 743 996 7502,tDeXBiV
918,Lenora,Ingledow,+86 333 204 7960,S8rzDCCCvV
919,Myrtia,Jekyll,+86 246 557 1736,bVf678
920,Trista,Von Salzberg,+63 430 895 1601,nturHSTU
921,Aldon,Eaden,+86 118 348 7034,uZmEONLhnK5
922,Bartram,Esberger,+30 685 393 8340,UuAWISUoZE
923,Niven,Feldstern,+255 287 679 8226,lByorj
924,Leann,Labeuil,+389 665 760 5636,VZBJwahRt
925,Carroll,Blas,+297 785 122 3131,aiLevOuZIM
926,Fair,Scollan,+20 926 898 2033,cfDQYUP1y2F
927,Sarine,Edgler,+86 646 298 5720,fLJ2KSJDe
928,Teirtza,McCaughan,+66 659 127 9050,cH9rU0cCI
929,Evin,Vince,+86 452 994 2475,MlLsraH
930,Tiffie,Motton,+48 179 878 8015,5OavvNAL
931,Barbaraanne,Ogilby,+81 697 757 0215,aOg3NtNc
932,Sal,Steeples,+63 720 474 0253,O8RiDwl6Ii
933,Slade,Madison,+62 701 500 3548,klePf0
934,Murry,Armitt,+66 668 964 2142,fpX9q46ub
935,Jere,Tinton,+256 166 849 7811,ihNU4GtLQL
936,Harlan,Chaster,+46 307 204 4350,R9gH0dd2
937,Ebba,Feldhuhn,+86 481 679 8238,YfV8SBCv
938,Genni,Sandwich,+86 120 566 2233,MMk9C0IWG
939,Trudy,Playle,+1 918 431 1357,q5rs5nO
940,Neille,Mallison,+81 607 548 2448,ZtnlG9WB0Mmf
941,Dunstan,Hart,+54 153 474 2876,nt2TG5bg5z2H
942,Kristofer,De Freitas,+48 106 388 8629,szkDypfEVe
943,Truman,Slinn,+86 954 495 1281,znXXOH
944,Hasheem,Colquite,+86 706 457 3802,74dTUvCIv33e
945,Sybila,Wellstood,+62 641 141 3627,9bVWHsNI
946,Carmencita,Wooller,+386 153 428 6235,mEUTcnh
947,Florrie,Groveham,+86 835 621 9011,2pLT3V
948,Wat,Ferns,+51 661 558 3584,WPNAKt
949,Ambrosius,Manicom,+420 715 463 7029,NW5OI2I9G
950,Courtnay,Eagger,+380 733 741 8076,g8NRwhd
951,Maurits,Rapport,+351 597 551 2052,gpUx5P2e2Ytx
952,Hashim,Flaonier,+63 526 616 4208,a3Urnkypo
953,Maribeth,Barbery,+62 261 502 7670,qQDVU90xPbuY
954,Belle,Tomaszkiewicz,+62 843 753 8347,tmql4hB1Ti3i
955,Mandel,todor,+86 464 478 5633,zznebZF1Oh
956,Ingar,Sayse,+7 305 635 6028,o5c6o2
957,Wheeler,Shimony,+218 949 303 2064,YhvWugOUFGiC
958,Troy,Fenna,+57 113 167 4998,XI7S8ill
959,Leeann,Polfer,+49 246 131 3984,PaZwM2A
960,Binny,Tolomio,+86 581 531 0790,mp6JhgBhCnef
961,Andee,Diggles,+52 359 213 9694,Jt7pH3TA
962,Urbanus,Olander,+86 131 399 2042,shKjTuF8Sqx
963,Irv,Bottell,+86 370 257 5385,9Dc1i0sZ
964,Othello,Sudell,+972 865 109 7509,H1Gtyrqs
965,Rosetta,Connachan,+389 619 252 5405,5vNL7piFB
966,Monro,Plett,+63 869 601 6455,gKce1Eg8
967,Lucila,Matfin,+62 453 237 4822,j4dRrgj8nsw
968,Odo,Bowlas,+358 463 114 2187,AegdFARFq
969,Anetta,Silcock,+27 628 493 4191,qVYKVq
970,Gran,Handslip,+86 259 411 0346,sa2fyApIJSLT
971,Maurise,Stather,+994 260 578 4313,u31ZuAI0
972,Sharai,Pilcher,+63 314 335 6990,Gzwvbqb4
973,Elnore,Sharpe,+86 239 344 9404,5wPYBCaM860
974,Koo,Rubinsky,+46 562 357 5287,T4RTv7
975,Shelagh,Jacob,+420 639 878 5816,qHVJjJruw
976,Neil,Brookhouse,+30 935 914 0169,yhraEkC
977,Jolynn,Gabby,+86 586 859 0311,AQmsMuqWt
978,Jayme,Peckham,+965 941 796 9472,PIijLVHxC
979,Korey,Heibel,+62 855 450 4139,gYygLZCiCcr
980,Nichole,Borrell,+7 751 963 5076,0XIWj47
981,Nancey,Accomb,+504 764 677 1648,NpPC2O1fvGj
982,Nikos,Favey,+60 444 152 5098,d7ubF05
983,Susanne,Gilpillan,+33 884 971 1591,YbWYDYP8MV
984,Gena,Livick,+33 737 868 0145,e473wbC6hZay
985,Arliene,O'Donnelly,+62 185 914 1220,n9fRhndNtGh
986,Rubie,Stidson,+595 489 102 9944,xMtXGHdylt8
987,Gifford,Molan,+86 876 879 6897,QvMoy8BOdk86
988,Joice,Jakubowski,+49 933 871 8993,1cHg0Svk
989,Filippo,Venners,+62 927 365 3902,5IhFc1S
990,Bess,Tight,+82 682 520 2529,tTZaO9TOnh
991,Marjorie,Pregal,+229 427 955 7593,JlsJ6Pw
992,Hyacinthie,Yeeles,+62 750 794 5301,e2UZtagP
993,Karen,Warlton,+55 597 367 3607,J3lNh8Ap9qPO
994,Garnet,Anear,+86 207 656 9230,nqLzAFISh
995,Millisent,Pashenkov,+596 635 252 4759,ox9Pwbdf
996,Dylan,Blogg,+30 605 434 4989,d4o5Jq66g80l
997,Finley,Runchman,+86 412 696 4803,3nJF6xzCx
998,Lotte,Dorsey,+46 384 717 6734,YEE2fGuLXc
999,Clayton,Mouth,+86 762 971 9835,3CXo7eR
1000,Gael,Bernon,+380 740 901 4647,6S6QpEQ
