company_name,email,phone
Stiedemann LLC,vboyat0@house.gov,
Gorczany-Heaney,cmerrall1@pagesperso-orange.fr,
Christiansen LLC,tcurwood2@altervista.org,
McKenzie LLC,fstorch3@clickbank.net,
Schroeder-Skiles,acordero4@sourceforge.net,
Quigley-Wolf,sbarraclough5@stanford.edu,
Runte-Hirthe,hcourt6@fc2.com,
Rempel and Sons,hgrishechkin7@linkedin.com,
Sporer and Sons,cgallimore8@fema.gov,
"Frami, Fahey and Lind",bterris9@mtv.com,
"Paucek, Labadie and Prosacco",carnolda@google.pl,
"Rempel, Maggio and Parisian",kgrinhamb@lycos.com,
"Kilback, Champlin and Robel",rwhitticksc@about.com,
Corwin-Boyle,efleischerd@baidu.com,
Howe-Conn,idennerlye@jiathis.com,
Erdman Inc,jmcshirrief@weibo.com,
Considine and Sons,bbonomeg@printfriendly.com,
Turner-Hartmann,tboeckh@phoca.cz,
Bartell-Dicki,lroelofseni@wiley.com,
"Huel, Crist and Roob",golagenj@mail.ru,
"Heathcote, Fritsch and Macejkovic",jimlochk@home.pl,
Lueilwitz-Robel,jconiberel@nps.gov,
Walker-Kessler,aabatellim@discuz.net,
Monahan-Schmidt,abarkn@boston.com,
Becker LLC,afulepo@flavors.me,
Johns-Blanda,nbassilashvilip@howstuffworks.com,
"Hackett, Armstrong and Heaney",tcausticq@marriott.com,
Gusikowski Group,cgunnyr@so-net.ne.jp,
Watsica-Adams,alinggards@soup.io,
"Nitzsche, Gutkowski and Collier",nlarst@ft.com,
Ryan-Jast,sdavidovichu@csmonitor.com,
Collier-Pfeffer,bgaukrodgev@smh.com.au,
Jerde and Sons,cfeganw@nyu.edu,
Barton Group,shellensx@wp.com,
Murphy-Carter,eklimkoy@mysql.com,
"Pacocha, Stroman and Bauch",ksummersonz@skype.com,
"Beatty, Doyle and Ferry",kmcgarva10@abc.net.au,
"McLaughlin, Rath and Bailey",lhartlebury11@spotify.com,
MacGyver LLC,nboner12@auda.org.au,
Moore and Sons,dscading13@elegantthemes.com,
"DuBuque, Mosciski and Monahan",mkeaveney14@nationalgeographic.com,
Aufderhar-Emmerich,slowman15@unc.edu,
Walter Group,meastbrook16@japanpost.jp,
Keebler and Sons,tgerrey17@photobucket.com,
Kub-Hayes,agunda18@fotki.com,
Harris-Greenfelder,jhastler19@ted.com,
Steuber LLC,gforre1a@upenn.edu,
Treutel-Spinka,jluff1b@usgs.gov,
Orn LLC,ecuniffe1c@netscape.com,
Hayes-Howe,lportam1d@1688.com,
Wunsch-Sipes,rrulf1e@uiuc.edu,
Daugherty-Zemlak,crankine1f@state.gov,
"Bednar, Keebler and Marks",rbrocklebank1g@thetimes.co.uk,
Quigley Group,cbabar1h@nbcnews.com,
Spinka-Bechtelar,nhorsefield1i@census.gov,
"Berge, Padberg and Gottlieb",kspellesy1j@squidoo.com,
Reilly-Jaskolski,ahoyland1k@bloglines.com,
"Conroy, Schamberger and Gleichner",sjablonski1l@usatoday.com,
"Simonis, Maggio and Mann",nbryde1m@instagram.com,
Price Group,kcotsford1n@eventbrite.com,
"Anderson, Hilpert and Pouros",chaizelden1o@shop-pro.jp,
Spinka-Pfannerstill,jissacoff1p@latimes.com,
Schaefer and Sons,wblethin1q@skyrock.com,
Abshire and Sons,dlindgren1r@tripadvisor.com,
Roberts-Haag,gwitchard1s@163.com,
Stroman-Parisian,beidler1t@behance.net,
Murphy Group,rholsall1u@ocn.ne.jp,
"Hills, Swift and Wilkinson",rbaptie1v@sitemeter.com,
Gibson Group,jcovotti1w@apple.com,
"Wisoky, Schumm and Reichert",nantoshin1x@archive.org,
Morar Group,gschwant1y@youku.com,
Hessel Group,cospellissey1z@github.io,
Emmerich LLC,bthirlaway20@ted.com,
Witting LLC,atetla21@bluehost.com,
McLaughlin-Haley,dfleury22@ebay.com,
Wyman-Schinner,hdassindale23@exblog.jp,
"Emmerich, Greenfelder and Zemlak",jscroyton24@istockphoto.com,
Yundt and Sons,bbirkbeck25@skype.com,
Klocko-Hermann,hbenoist26@mayoclinic.com,
Armstrong-Durgan,mruscoe27@imgur.com,
Ratke-Anderson,usherland28@people.com.cn,
Kuhlman-Yost,cbrainsby29@weebly.com,
"Turner, Stoltenberg and Stark",pmckenna2a@indiatimes.com,
Reinger-Littel,kperigo2b@goo.ne.jp,
Kessler-Shields,ngildersleeve2c@economist.com,
Kihn-O'Keefe,dcowland2d@hud.gov,
Klein Group,hbudgeon2e@kickstarter.com,
Kutch and Sons,eliggins2f@ucsd.edu,
Barrows-Collier,ptailour2g@hatena.ne.jp,
Sporer Group,hcleaton2h@shop-pro.jp,
Bahringer-Bode,jcooper2i@epa.gov,
Predovic and Sons,acasino2j@admin.ch,
"Botsford, Abernathy and Rogahn",wromaynes2k@cargocollective.com,
"Crooks, Tromp and Bogan",hbunclark2l@weibo.com,
Schaden-Leffler,areyburn2m@tamu.edu,
Turner Inc,dkirtlan2n@rambler.ru,
"Hackett, Stamm and Kozey",lbelfelt2o@amazon.de,
Fadel-Frami,kpringell2p@archive.org,
Grant Inc,cmanderson2q@typepad.com,
Huels and Sons,echamley2r@time.com,
Tromp-Bechtelar,,+51 187 163 2816
"Pagac, Windler and Klocko",,+86 569 270 2246
Denesik-Swift,,+86 291 927 7873
Koch-Rutherford,,+57 396 498 7121
Volkman and Sons,,+7 273 286 5048
Lakin-Hodkiewicz,,+48 416 893 6854
Stiedemann-Huel,,+86 868 165 1478
Harris-Ernser,,+58 594 932 5579
Thiel Group,,+7 453 492 4038
Kozey Group,,+95 384 642 9028
Homenick-Anderson,,+46 455 650 9610
Conroy-MacGyver,,+974 167 579 0790
Shields Inc,,+62 972 446 1805
Schumm-Kassulke,,+86 277 115 5566
Bashirian-Kozey,,+62 185 844 3223
"Kub, Koch and Braun",,+33 984 362 6725
"Schmitt, Gislason and Sipes",,+502 801 329 7449
Kassulke-Pollich,,+351 697 466 6747
"Moen, VonRueden and Terry",,+86 305 454 6269
Feil-Corkery,,+375 541 319 6602
"Schoen, Bauch and Botsford",,+86 734 316 6775
Runolfsdottir Group,,+375 215 807 9912
"Medhurst, Lakin and Barton",,+86 308 463 8442
Schuster-Herzog,,+84 333 713 3711
"Bartoletti, Lubowitz and Veum",,+1 660 881 1388
"Schiller, Torphy and Eichmann",,+86 554 948 8677
Nitzsche and Sons,,+27 757 517 4726
Towne Inc,,+48 212 873 5665
"Hilpert, Baumbach and West",,+63 811 287 9656
King-Kozey,,+86 768 662 1153
Bechtelar-Daniel,,+420 675 144 9906
"Erdman, Kub and Braun",,+998 854 949 1816
Durgan Inc,,+7 401 929 4235
"Gorczany, Goldner and Metz",,+375 133 298 1822
Reynolds LLC,,+7 679 208 5754
"Swift, Hauck and Hirthe",,+351 618 396 6553
"Maggio, Johnson and Bruen",,+34 807 692 7202
Lakin Group,,+7 227 981 9540
Muller-Bernhard,,+81 674 469 6994
"Tremblay, Jones and Anderson",,+54 151 694 7094
O'Conner LLC,,+86 560 226 2920
Bayer and Sons,,+66 921 609 8358
Hand Inc,,+86 846 225 6138
"O'Conner, Bins and Medhurst",,+86 489 497 0388
Dietrich-Rutherford,,+381 274 579 3879
McClure Inc,,+212 508 637 3704
Trantow and Sons,,+1 202 653 4425
Abernathy LLC,,+33 566 226 9161
O'Keefe Inc,,+55 585 278 9531
Moore and Sons,,+62 676 872 3845
Collins-Yost,,+86 459 127 7691
Beatty Inc,,+86 494 973 5033
Ritchie and Sons,,+86 127 808 3259
Spinka Group,,+7 560 993 6888
Nicolas-Hirthe,,+48 804 119 8449
Fritsch-Thompson,,+86 433 797 5023
"Schiller, Sporer and Gleichner",,+66 105 285 4119
"Conroy, Schowalter and Yundt",,+970 882 885 2908
Klein-Olson,,+226 786 283 0885
"Sporer, Torp and Veum",,+86 598 438 5098
Kuvalis Inc,,+86 780 659 8756
Bernhard-Hauck,,+51 207 463 7569
"Feest, Smith and Lehner",,+62 125 973 6833
Senger-Orn,,+1 410 626 3938
Purdy-Purdy,,+351 780 824 6222
Kutch and Sons,,+86 194 694 6263
"Bayer, Nitzsche and Feil",,+351 689 466 3108
"Collier, Hoeger and Stamm",,+81 419 274 9218
Conroy-Langosh,,+62 959 351 7385
"Weimann, Stehr and Muller",,+84 425 583 2589
Feil Inc,,+7 323 693 3675
Franecki Inc,,+86 106 376 7116
Lowe-Satterfield,,+7 340 224 8890
"Macejkovic, Gleichner and Satterfield",,+1 202 329 8043
Heidenreich Group,,+62 149 163 8752
Jakubowski-Haag,,+48 594 503 9412
Koelpin-Miller,,+353 483 673 4994
Mohr-Watsica,,+86 240 358 5272
Watsica and Sons,,+84 268 978 7989
Lueilwitz-Cruickshank,,+1 612 608 1945
Kozey-Donnelly,,+33 270 432 9447
Price LLC,,+62 720 569 7736
Langworth Inc,,+505 353 902 1359
"Bruen, Strosin and Zboncak",,+1 423 114 0674
Kshlerin LLC,,+46 329 944 8203
Hane-Terry,,+31 180 146 8595
Pacocha-Strosin,,+33 389 692 7762
Torp-Cole,,+86 908 502 5290
Mann-D'Amore,,+86 671 104 1351
Rath Inc,,+86 752 133 7475
"Hills, Pfeffer and Schultz",,+355 547 999 4588
Gleichner-Daugherty,,+373 244 226 8404
"Conn, Swaniawski and Kozey",,+86 419 225 9045
Nicolas-Ondricka,,+66 434 334 0136
Torp Group,,+971 967 715 9123
"Waters, Armstrong and Johns",,+86 587 840 1227
"Kling, Ryan and Langosh",,+86 706 121 5016
Maggio Inc,,+381 349 147 9077
"Schumm, Boyle and Parker",,+595 602 481 4705
Stehr-Weber,,+972 592 463 1859
Jenkins Inc,,+261 939 801 0928
"Pacocha, Heller and Rippin",,+86 100 765 5817
Beatty-Carter,,+63 296 819 2483
Runolfsson Group,,+86 720 304 7048
Wolf-Zieme,,+54 408 295 7330
"Sporer, Harber and Runte",,+420 385 289 9028
Breitenberg-Mueller,,+509 501 818 0485
Runte Inc,,+36 449 287 7916
"Cremin, Adams and Howell",,+81 299 722 9707
Rau LLC,,+46 421 795 0769
"Reichert, Swaniawski and Schimmel",,+86 900 267 4450
Connelly Group,,+57 444 931 2210
"Beatty, O'Reilly and Swift",,+46 684 965 8385
"Mraz, Rutherford and Jast",,+381 640 966 9966
Runte LLC,,+974 298 503 7395
Christiansen Group,,+48 878 462 3062
Lang-Denesik,,+63 689 944 9607
Abernathy Inc,,+55 248 256 2494
Gaylord Inc,,+234 129 331 5108
Lockman Group,,+27 429 573 7093
Schmitt Group,,+55 744 527 9736
Pfannerstill and Sons,,+86 706 263 5484
"Wyman, Kunde and Spencer",,+34 854 763 8967
"Donnelly, Greenholt and Blanda",,+51 193 539 5363
"Crist, Turcotte and Erdman",,+62 606 583 3586
Turner-Halvorson,,+52 228 549 1550
Rau-Hessel,,+1 200 598 2118
Kuhlman LLC,,+963 432 796 9064
"Deckow, Bernhard and Mertz",,+965 959 286 8327
Mohr Group,,+62 331 975 8990
"Altenwerth, Conroy and Buckridge",,+46 410 584 8823
Daugherty LLC,,+86 467 895 6624
Nader-Graham,,+55 294 274 2828
Jakubowski-Russel,,+55 508 640 2146
Rogahn-Bailey,,+255 512 445 0345
Shanahan Group,,+375 370 916 3013
Terry and Sons,,+63 494 527 2009
Shanahan and Sons,,+86 286 487 9798
"Huel, Walsh and Kreiger",,+62 851 230 8114
"Stokes, Kozey and Marks",,+55 141 426 4494
Franecki and Sons,,+420 284 739 8267
"Hyatt, Conn and Kuhic",,+46 399 870 6234
Ziemann-Rogahn,,+970 531 326 6932
Bogan-Price,,+886 860 524 6810
Terry Group,,+86 643 436 9856
Johns-Keebler,,+33 677 825 2922
"Buckridge, Douglas and Herzog",,+420 397 887 5373
Bode Group,,+86 257 859 0081
"Sauer, Schiller and Bogisich",,+62 559 520 6423
Heathcote-Harber,,+49 933 839 2772
