first_name,last_name,password,email,phone
Barbara,Nunnery,ywuz9JHjd,bnunnery0@mit.edu,
Lorita,Slora,REomVDO7PWg,lslora1@paypal.com,
Krishna,Mays,bMTgHUgeos,kmays2@abc.net.au,
Justine,Milson,sDSmuB,jmilson3@admin.ch,
Lalo,Finnan,ekFwXxzwQHS,lfinnan4@etsy.com,
Amanda,Grocock,JszvEGsi,agrocock5@arizona.edu,
Trueman,Affron,iFaFHSw,taffron6@ucoz.com,
Carrol,Burgisi,mRgjkLLHj1,cburgisi7@ucsd.edu,
Fowler,Larret,nZYXuveQ,flarret8@biglobe.ne.jp,
Trista,Thaxter,mMgpgC,tthaxter9@slate.com,
Pat,Adamson,TkKC8ZO1N,padamsona@dmoz.org,
Sallyanne,Raoult,lzNCj3xpmOxQ,sraoultb@netscape.com,
Charmian,Moreno,Fy97PF,cmorenoc@dailymail.co.uk,
Adrianna,Salzburg,JDlHp8Mn0rj,asalzburgd@sfgate.com,
Kora,Feeham,Qc6ub6Iiz,kfeehame@multiply.com,
Dyana,Postins,glYYqkQ8uxto,dpostinsf@webeden.co.uk,
Gerianne,Klassmann,DZnbz6R3al,gklassmanng@ebay.com,
Alisha,Mealing,Lf22eA6,amealingh@cmu.edu,
Trudi,Cancellor,eKUIDhfz9L,tcancellori@surveymonkey.com,
Beret,Filipowicz,gCu7KjZFbN,bfilipowiczj@amazon.com,
Rubin,Karby,eRDGlDfr80b,rkarbyk@apache.org,
Man,Gundry,YtN6CKbn,mgundryl@auda.org.au,
Chan,Biffin,FTJJObt,cbiffinm@wikia.com,
Kory,Archanbault,Kpm6uknhurN,karchanbaultn@trellian.com,
Arnold,Mease,vf9xJumuQeZ,ameaseo@marriott.com,
Shaina,Dowty,AzRrr4LJ26t,sdowtyp@networksolutions.com,
Chance,Dundredge,IU8IfwUA86d,cdundredgeq@who.int,
Zia,Hatherleigh,W8j7C1zxm,zhatherleighr@apple.com,
Angela,Martlew,NTTXPn,amartlews@timesonline.co.uk,
Kelsi,Adriaan,etxykqpptNZ,kadriaant@webmd.com,
Archie,Daulton,w9eweik9Ru,adaultonu@businessinsider.com,
Marianna,Pulster,fBBPZLSld,mpulsterv@spiegel.de,
Sean,Iaduccelli,RCrVQO4,siaduccelliw@dot.gov,
Cecelia,Paquet,kVdEnXzY,cpaquetx@unblog.fr,
Clive,Wikey,Ut62LNWMM1G,cwikeyy@elegantthemes.com,
Marchall,Wilshire,CDrqStUGp,mwilshirez@craigslist.org,
Moll,Remington,s9ZAfr,mremington10@ycombinator.com,
Barb,Keysel,WLQDH4Uh,bkeysel11@merriam-webster.com,
Tuckie,Durrant,Vc2OpsOi0t,tdurrant12@alibaba.com,
Tandy,Radbone,EdZUzweDOW,tradbone13@phoca.cz,
Lauree,Smallcombe,OflpknOUkP,lsmallcombe14@nyu.edu,
Christie,Escoffrey,Jw1aIt,cescoffrey15@icq.com,
Julissa,Gyves,rklDUVn5D,jgyves16@cargocollective.com,
Michele,Izkovitch,NqGdcPOqF,mizkovitch17@examiner.com,
Israel,Pollett,eIP2G8bPdHdt,ipollett18@elegantthemes.com,
Mychal,Donaghie,PNE5a4N,mdonaghie19@prlog.org,
Catlee,Mariaud,WOvdf3A,cmariaud1a@comcast.net,
Freda,Kinnen,MGkPuc,fkinnen1b@marriott.com,
Nels,Bedinham,Qh57bhag50R,nbedinham1c@wikimedia.org,
Cassondra,Sheard,2LWADiiq9iJT,csheard1d@unblog.fr,
Kiri,Medland,gxWi1psQNzi,kmedland1e@addthis.com,
Kizzee,Surmeir,PrZHO995LxMc,ksurmeir1f@free.fr,
Freeland,Tythacott,56vyK2xSb,ftythacott1g@surveymonkey.com,
Corrie,Ackwood,l2Uz5y,cackwood1h@thetimes.co.uk,
Tom,Baigent,L3ysYwdGqn7o,tbaigent1i@oaic.gov.au,
Gwyn,Lidgely,zTCq8VNEdE,glidgely1j@omniture.com,
Beniamino,Yoseloff,uxT2Ufuif,byoseloff1k@xinhuanet.com,
Ransom,Arni,1Yc9oQ35a,rarni1l@ucla.edu,
Leontyne,Priestley,UeA2EfctYPB,lpriestley1m@blogspot.com,
Sawyer,Farries,BdMxu1P,sfarries1n@columbia.edu,
Edith,Glasard,JNjmAIC,eglasard1o@sakura.ne.jp,
Inessa,MacCarrick,EdEmHo5W1Q,imaccarrick1p@wp.com,
Milissent,Taylo,mnAnn7Hp,mtaylo1q@independent.co.uk,
Charin,Strapp,l8dAdZaC5,cstrapp1r@google.co.jp,
Osbert,Tunnah,EQStbDln,otunnah1s@devhub.com,
Jewel,Lamdin,93C9opH,jlamdin1t@cafepress.com,
Pauly,Reidshaw,ypPxyL,preidshaw1u@wired.com,
Bearnard,Coxon,qxnAou4cPkZ,bcoxon1v@mtv.com,
Thacher,Neising,TqEN1Sm63Cwp,tneising1w@over-blog.com,
Stevana,Clubley,yIgQniYc8hMb,sclubley1x@census.gov,
Maddie,Alldre,YWy4gcGg,malldre1y@sogou.com,
Gregorius,Cattermull,hHGb0R,gcattermull1z@smugmug.com,
Niven,Annetts,qhQavaqiM2Ls,nannetts20@g.co,
Sabine,Deniskevich,xQvAizH4nmdy,sdeniskevich21@skype.com,
Lovell,Karppi,AjuglUMbN,lkarppi22@squidoo.com,
Rodrigo,Genicke,SYD88EFCCF,rgenicke23@instagram.com,
Liuka,Arstingall,tEEYoGCGilKA,larstingall24@about.com,
Deidre,Enright,NKhzIqZ9s,denright25@tiny.cc,
Hermia,Harmstone,AjjU36,hharmstone26@prlog.org,
Bard,Raw,64medn61JZ,braw27@businessinsider.com,
Kerianne,Bodycomb,Q7XMWbRcz3E,kbodycomb28@creativecommons.org,
Clarey,McQuaker,T4Gtg5E,cmcquaker29@intel.com,
Bonnibelle,Reddle,SR5a6hWsqoP2,breddle2a@walmart.com,
Sky,Ruane,oBtDeQXV,sruane2b@nifty.com,
Justino,Voules,xraZSOx,jvoules2c@chicagotribune.com,
Salomo,Broadbent,yjy33nn,sbroadbent2d@hostgator.com,
Kanya,Ridpath,X3bVo4P8S,kridpath2e@biglobe.ne.jp,
Xymenes,Scutter,1twrUJp,xscutter2f@desdev.cn,
Ashla,Kleinbaum,c2oc4d,akleinbaum2g@who.int,
Mateo,Kershow,P62aRUhZfsb,mkershow2h@prweb.com,
Lilian,Hauch,a2B0VBut8x0p,lhauch2i@loc.gov,
Meir,Oblein,dOnfHn,moblein2j@acquirethisname.com,
Sigvard,Tomasini,3aQqwfwM,stomasini2k@kickstarter.com,
Glynnis,Garlett,8Ph4VyVimth,ggarlett2l@merriam-webster.com,
Leanora,Parade,AcMTbdBw,lparade2m@seesaa.net,
Alma,Erratt,dEnTHx,aerratt2n@java.com,
Hyacinth,Taveriner,wW9fKy6ZR,htaveriner2o@phoca.cz,
Kim,Kelland,YxB2rLDWKVc0,kkelland2p@cisco.com,
Umeko,Dawidsohn,jRZWq9CWJ,udawidsohn2q@newsvine.com,
Delcine,Twinborough,xHoXESssIBZ,dtwinborough2r@google.co.jp,
Betsey,Coverly,u7iTyH,bcoverly2s@clickbank.net,
Lorry,Dobell,CCXZwr,ldobell2t@nymag.com,
Valaree,Aglione,v2jBJGGRt,vaglione2u@over-blog.com,
Garrot,Webley,TurAto1v,gwebley2v@sun.com,
Margette,Levison,rExTFrMOCG,mlevison2w@nytimes.com,
Klemens,Brighty,LGrMhFFHLYsB,kbrighty2x@independent.co.uk,
Morris,Bisson,CDDp0b,mbisson2y@reddit.com,
Benton,Sawnwy,5qRcuIxlHJdp,bsawnwy2z@sphinn.com,
Vera,Sheddan,1GTZNd,vsheddan30@msn.com,
Hulda,Mullins,9QK5CeSMAr,hmullins31@goo.ne.jp,
Alfi,Illston,iD8H9c8Ls2gQ,aillston32@acquirethisname.com,
Margaretha,Liggens,S8wUqgu,mliggens33@microsoft.com,
Salem,Whannel,3i7IzyaioV,swhannel34@comcast.net,
Emmit,Grazier,nFj1Iqj,egrazier35@comcast.net,
Cory,Braxay,Ogk5ZI,cbraxay36@cocolog-nifty.com,
April,Haughey,cTnPI7XORp0,ahaughey37@networksolutions.com,
Kain,Pickle,r0Tt5v1NZ4hr,kpickle38@studiopress.com,
Genvieve,Endrighi,M4TaWtuWc6,gendrighi39@addthis.com,
Anna-diane,Tift,GE0uTj464z,atift3a@salon.com,
Onida,Lowin,T51tcLmbWg,olowin3b@webmd.com,
Aryn,Oldroyde,zgvqi4aE,aoldroyde3c@hud.gov,
Curtice,Averay,tPd7ADqmi0H,caveray3d@netvibes.com,
Madlen,MacSkeaghan,CTcSvs00VN,mmacskeaghan3e@google.es,
Giselle,Neeves,U1wVA6j,gneeves3f@diigo.com,
Yvette,Pocke,uRl8ClduIiPG,ypocke3g@woothemes.com,
Hestia,Gosse,Mr6gaykD,hgosse3h@loc.gov,
Sissy,Sealeaf,Qj3reZ2TAh,ssealeaf3i@dailymotion.com,
Napoleon,Woolliams,9fGFpgMQPlrZ,nwoolliams3j@devhub.com,
Anabal,Kobpal,pEM03aU,akobpal3k@plala.or.jp,
Kania,Perel,4DY0QpycsmRU,kperel3l@example.com,
Dalli,Ahrend,eeV3jnvFTyhY,dahrend3m@buzzfeed.com,
Babs,Bowmer,OaqbkDQcuD7k,bbowmer3n@apple.com,
Zora,Hanks,I52wZTQvC,zhanks3o@nymag.com,
Cyndie,Nudds,BgAuqaeLaLO,cnudds3p@blogspot.com,
Brigida,Heinz,VHs7Yh,bheinz3q@msu.edu,
Timotheus,Kleinert,BPIjrqz,tkleinert3r@gmpg.org,
Latia,Bertelmot,fPAFAnVc,lbertelmot3s@people.com.cn,
Rooney,Carlile,u1njw0N,rcarlile3t@economist.com,
Marlene,Kann,VPxHryihV16,mkann3u@bing.com,
Brandie,Buddles,Gj4HDMTb07,bbuddles3v@ucoz.com,
Trevar,Baggaley,95kiyte7,tbaggaley3w@feedburner.com,
William,Stansall,5cmio82z,wstansall3x@admin.ch,
Darill,Cattroll,O6m67pWx,dcattroll3y@cnet.com,
Neal,Philbin,YMwTq7,nphilbin3z@issuu.com,
Catlin,Meneyer,74QvikyPe,cmeneyer40@addtoany.com,
Olva,Givens,Bel0kf,ogivens41@slate.com,
Stormi,Le Fleming,l4Ayt08MAlFW,slefleming42@soundcloud.com,
Janean,Thame,oiLpxEH2XAU7,jthame43@php.net,
Gelya,Outibridge,fs3gOXBF2ipf,goutibridge44@rambler.ru,
Adelaide,Gutierrez,82DhyuWTHR,agutierrez45@skyrock.com,
Danette,Mabbe,PMBIZlidFvC5,dmabbe46@umn.edu,
Chicky,Finlayson,2xHpa4,cfinlayson47@eepurl.com,
Walt,Patridge,P27dkbN4fi,wpatridge48@indiegogo.com,
Nani,Brinkley,xuU7Ty39y7,nbrinkley49@unblog.fr,
Fabio,Benedite,c2QEvYGdL84P,fbenedite4a@jugem.jp,
Romonda,Biddulph,9uSp8Iz1,rbiddulph4b@google.it,
Rita,Clerc,q1p3Fyq,rclerc4c@wix.com,
Costanza,Trahmel,k9PlMS,ctrahmel4d@cbslocal.com,
Steffie,Wolfendell,1HOWpUIs1g3D,swolfendell4e@seattletimes.com,
Marvin,Ricciardello,1bmgkpOt8tP,mricciardello4f@godaddy.com,
Cesya,Behrendsen,cO1w57J3uDX,cbehrendsen4g@google.it,
Cinnamon,Gopsill,ukwROm,cgopsill4h@devhub.com,
Nan,Bourdel,KYMBCk,nbourdel4i@github.com,
Marshal,Dahl,5wUHvytLX,mdahl4j@xing.com,
Kippy,Rasp,vFtN5sL,krasp4k@mail.ru,
Gard,Bode,12kVYu6G5,gbode4l@mit.edu,
Quinlan,Grzesiak,ELexsMlvw,qgrzesiak4m@fastcompany.com,
Cecilia,Lafayette,4slsQGoA,clafayette4n@intel.com,
Audrie,Gratrex,jHV0XBHucBC,agratrex4o@admin.ch,
Brewster,Bottjer,yy3I3rPgmgZ,bbottjer4p@wikia.com,
Beverly,Greed,ldDhNcB21,bgreed4q@liveinternet.ru,
Natale,Malicki,UNph2opg,nmalicki4r@cnbc.com,
Walliw,Annatt,a1Az5P,wannatt4s@dyndns.org,
Bancroft,Ciotti,2FEAMzTBj,bciotti4t@ning.com,
Chelsy,Cardenas,KJZhuPv,ccardenas4u@uiuc.edu,
Greer,Hatje,UitJWaUxlF,ghatje4v@sciencedaily.com,
Shae,Fidilis,vMbz4Hs4s,sfidilis4w@cornell.edu,
Saul,Smorthit,TqXWS3Bc,ssmorthit4x@elpais.com,
Lynnelle,Ilive,sDHbhmE,lilive4y@jimdo.com,
Maressa,Micah,XWmK1adl,mmicah4z@hao123.com,
Suzette,Uphill,NoFa5fR5Fsr,suphill50@nydailynews.com,
Sterling,Orry,UPSKGsPoU3,sorry51@sciencedaily.com,
Jemmie,Krysztowczyk,ffMD2NpB,jkrysztowczyk52@zimbio.com,
Aggi,Tramel,4xa801Z8,atramel53@reverbnation.com,
Sarene,Linskill,36SyXIMYkV0W,slinskill54@tripod.com,
Emili,Amsberger,stcLqp0i,eamsberger55@discovery.com,
Giacobo,Farrell,2qf25YJ,gfarrell56@google.ru,
Zondra,Stoyle,pQ7lHvY6,zstoyle57@va.gov,
Douglas,Francescone,jJq7vut,dfrancescone58@prlog.org,
Bern,Shurlock,aeUHKu,bshurlock59@so-net.ne.jp,
Kendrick,Sherwill,hclh4GDv0,ksherwill5a@upenn.edu,
Kassia,Govett,c3VtncB,kgovett5b@yelp.com,
Nappy,Woloschin,wIQKx9,nwoloschin5c@freewebs.com,
Napoleon,Delooze,GzZqMO,ndelooze5d@dmoz.org,
Devina,Haddacks,Lpl05XiQy,dhaddacks5e@eventbrite.com,
Siward,Rosen,kU54Pv7Pv,srosen5f@ed.gov,
Vickie,Capper,vZjB3fuooY,vcapper5g@washingtonpost.com,
Aili,Roubert,uhUzpWy1,aroubert5h@cisco.com,
Gina,Housecraft,4rUqRC5zm,ghousecraft5i@wp.com,
Verina,Waudby,342As616oCzm,vwaudby5j@sina.com.cn,
Shurlock,Hilldrup,IjmxUNbQ,shilldrup5k@issuu.com,
Ricca,Brunel,mt079u,rbrunel5l@google.com,
Alfie,Saywood,ZxHd5DMg1G,asaywood5m@opensource.org,
Ludwig,Cattanach,s8k0AD,lcattanach5n@shop-pro.jp,
Geoff,Laurenceau,RlvLrN6iZTs,glaurenceau5o@1und1.de,
Errick,Galfour,nendXNs,egalfour5p@netvibes.com,
Elenore,McKoy,w3XAWiplg,emckoy5q@biblegateway.com,
Delia,Munson,KVUNFxZrOsO,dmunson5r@unicef.org,
Dela,Plenty,AquIr9EGXo4,dplenty5s@google.nl,
Caria,Yakolev,ZuARMX,cyakolev5t@51.la,
Lonnie,Swaysland,BIRYEBR,lswaysland5u@army.mil,
Bradly,Dudeney,ZGAlFw5boV,bdudeney5v@chronoengine.com,
Dodie,Wilbud,j2DaWelN2,dwilbud5w@wufoo.com,
Kendricks,Pristnor,U8sNltHT6,kpristnor5x@bloglovin.com,
Revkah,Cozens,FQb6SMcId90D,rcozens5y@cnbc.com,
Claresta,Zucker,SgYbon,czucker5z@last.fm,
Florance,Cholton,7oOPRXe,fcholton60@apple.com,
Merry,Handscombe,36LuP2YqGs,mhandscombe61@prlog.org,
Charita,Tedahl,fM4gC5KgSxv4,ctedahl62@google.com.hk,
Freedman,Waything,6Z5TuDmf,fwaything63@yellowbook.com,
Stanleigh,Mably,bEtCDKsIvU,smably64@washingtonpost.com,
Atalanta,Magarrell,4nE9OwtWi,amagarrell65@salon.com,
Rudolf,Bruty,vz8gP5zId,rbruty66@nature.com,
Shadow,Bortoloni,yDlWCyynJ3,sbortoloni67@simplemachines.org,
Ivett,Beggi,H4pwRJ,ibeggi68@ameblo.jp,
Langsdon,Bosworth,4nmJXCOBnOni,lbosworth69@wikia.com,
Bamby,Gylle,qPMS2a,bgylle6a@studiopress.com,
Fonz,Ruf,ylOIVbz,fruf6b@mtv.com,
Bidget,Bissett,fi7INnc16Uk4,bbissett6c@mozilla.org,
Andrew,Klasing,GgXiQs,aklasing6d@jalbum.net,
Joyce,Jeram,fl6l20lg,jjeram6e@lulu.com,
Cammi,Pessold,J6c8WXHNx71,cpessold6f@hp.com,
Kylen,Caseley,8BTTULK,kcaseley6g@house.gov,
Saw,Galletly,vQ666HKlUs,sgalletly6h@ed.gov,
Silvio,Epdell,SEzcTn,sepdell6i@wired.com,
Tillie,Broose,JTcZlUrph7u,tbroose6j@sciencedirect.com,
Gretta,Sindle,FymJ44v,gsindle6k@time.com,
Nyssa,Tretter,lmbbBb,ntretter6l@theglobeandmail.com,
Boris,Backsal,xTYFIcs,bbacksal6m@latimes.com,
Ilse,Besemer,XtBoEc1Egd,ibesemer6n@biglobe.ne.jp,
Orion,Draysey,i52veUMFx,odraysey6o@engadget.com,
Ryan,De Freyne,lL9RfC4FnAga,rdefreyne6p@marriott.com,
Binnie,Lewisham,Cy6uoEXwnxK,blewisham6q@uiuc.edu,
Urbanus,Hakeworth,AhUoji,uhakeworth6r@delicious.com,
Ericka,Parlett,Ed78SperTuS,eparlett6s@symantec.com,
Lon,Fewkes,K0aexXxZyys,lfewkes6t@economist.com,
Tamarra,Kilmaster,C5fs1QSC9W80,tkilmaster6u@cisco.com,
Sibby,Trippack,lEzJAPtV,strippack6v@tripod.com,
Walker,Danat,9uTAGU,wdanat6w@livejournal.com,
Valenka,Lesek,EOwL9Wd,vlesek6x@webnode.com,
Lowrance,Sorensen,K85kHw8W,lsorensen6y@sina.com.cn,
Daria,Radbone,uNFgEpYPh,dradbone6z@yelp.com,
Jamaal,Hulburd,gGfoLQk,jhulburd70@miitbeian.gov.cn,
Falkner,MacTeague,2eoA4UM,fmacteague71@ycombinator.com,
Koo,Kofax,krBwtfroSHl,kkofax72@gnu.org,
Carena,Kembley,KvBsq6V8q,ckembley73@opera.com,
Sandie,Sheeres,3AMt7n4xOV,ssheeres74@yahoo.com,
Marleen,Bails,77xGmRU2,mbails75@google.com.au,
Katy,Musto,glffwcV1oBII,kmusto76@last.fm,
Janet,Mc Gee,rfqo7u9mu,jmcgee77@elegantthemes.com,
Maxine,Verrill,vLZjUXero,mverrill78@elegantthemes.com,
Klement,Moresby,BdUA5Vmf,kmoresby79@google.com.hk,
Coralyn,Bamell,ydrSD7YPI,cbamell7a@google.co.jp,
Nadeen,Draye,JKCV9tqbLqd,ndraye7b@moonfruit.com,
Bernette,Gregoratti,RRPuq0ffq0,bgregoratti7c@about.me,
Cassi,Aldin,YixFvRMB00Q,caldin7d@howstuffworks.com,
Camey,Anderbrugge,esZ3cq,canderbrugge7e@1688.com,
Amalia,Beden,lhT3Oz1IVB4W,abeden7f@craigslist.org,
Cicely,Miklem,y5REQa1G,cmiklem7g@google.co.uk,
Jorrie,Anning,MHXaOi,janning7h@woothemes.com,
Marcelia,Terram,WsXEXwm7qJP,mterram7i@zdnet.com,
Stephani,Ruselin,lPpaDQOP,sruselin7j@etsy.com,
Else,Jouaneton,UVkcmbhh,ejouaneton7k@liveinternet.ru,
Joachim,Corrett,uddz2dgOGP,jcorrett7l@photobucket.com,
Charlotte,Athey,ICG8bi0WP,cathey7m@microsoft.com,
Ozzy,Alexsandrov,k4x453XJ,oalexsandrov7n@wikipedia.org,
Franni,Dorro,TSSeBXn,fdorro7o@rambler.ru,
Annabella,Bignal,WR6bU2IEMneB,abignal7p@latimes.com,
Rozele,Reeken,8FmugWT6M,rreeken7q@imgur.com,
Hetti,Betterton,8ziW30a0S,hbetterton7r@boston.com,
Skipton,Sibray,rl9215YO0Bt,ssibray7s@intel.com,
Gennie,Honywill,qEiQ6IxdSiNA,ghonywill7t@printfriendly.com,
Muffin,Mangam,dxCHXBU6,mmangam7u@virginia.edu,
Hazel,Bartoleyn,dQnNmVpeowAq,hbartoleyn7v@studiopress.com,
Velvet,De Lasci,37UY7v6d,vdelasci7w@unesco.org,
Godfry,Barford,sLKPI8bQD1,gbarford7x@skyrock.com,
Shelley,Gaskell,XCODlunbvs4U,sgaskell7y@dedecms.com,
Faulkner,Linnane,eRw5Jhpwn,flinnane7z@vinaora.com,
Nataniel,Quesne,FREODFaBZ,nquesne80@usgs.gov,
Chadwick,Hacard,gFkiwz102,chacard81@netvibes.com,
Eliot,Finlry,cTg3Mgz,efinlry82@hp.com,
Janette,Gonzales,IzA6CylK,jgonzales83@rakuten.co.jp,
Heida,Simchenko,wWMOf3FQxC,hsimchenko84@bravesites.com,
Faustine,Wilbud,k5NujsIk81Ma,fwilbud85@state.gov,
Aubry,Chrismas,FIZDix39FOU5,achrismas86@purevolume.com,
Roxy,Winear,WuvWXZKBUv,rwinear87@google.ru,
Kalvin,Birchill,jeP5vRpaouUj,kbirchill88@ox.ac.uk,
Michal,Kemshell,bvvpOPOlz9,mkemshell89@redcross.org,
Wilie,Kiss,T1uweW,wkiss8a@virginia.edu,
Jordan,Lindroos,jyUIHA,jlindroos8b@reddit.com,
Durante,Banisch,8y3eP8QgvgcJ,dbanisch8c@webeden.co.uk,
Eldon,Stebbings,InSiAQAnz,estebbings8d@businesswire.com,
Pepillo,Kittles,as2djIlA,pkittles8e@nydailynews.com,
Maureene,Karlsson,nWpk2fqSXCU,mkarlsson8f@facebook.com,
Orazio,Kinworthy,2smEEvM,okinworthy8g@google.com.br,
Lettie,Carnduff,uaYP8BN9oKi4,lcarnduff8h@rambler.ru,
Flossie,Phalip,7HYazNE,fphalip8i@clickbank.net,
Conney,David,tC7AmEzAU,cdavid8j@cocolog-nifty.com,
Giffer,Bart,8gYvm034HuPd,gbart8k@cnbc.com,
Hazel,Guterson,GVUWipjoqgl,hguterson8l@meetup.com,
Almeta,Freeborne,LeD9d1slP,afreeborne8m@fc2.com,
Pepillo,Carleton,xNfiNm,pcarleton8n@wired.com,
Jerald,Stiebler,iYMOuhGlO1N,jstiebler8o@ovh.net,
Stefanie,Bissill,rsQXyeUT,sbissill8p@pcworld.com,
Cecilia,De Clairmont,lLtq7khP,cdeclairmont8q@senate.gov,
Oran,Langsdon,OFm6wnj83,olangsdon8r@soup.io,
Arni,Brownsey,Ij3FscqBZ,abrownsey8s@networkadvertising.org,
Crista,Jekyll,YieV3Fk3CW,cjekyll8t@spotify.com,
Allix,Axup,ASDO2VmPKHQz,aaxup8u@nih.gov,
Petronille,Collcutt,Hj78jdoF6A,pcollcutt8v@ibm.com,
Verine,Skittrell,61t4c2,vskittrell8w@netlog.com,
Nerita,Peert,ebFgqGiZ5M,npeert8x@digg.com,
Frieda,Jenking,N16ewDwx,fjenking8y@hexun.com,
Ephraim,Syversen,61v7t4pA0,esyversen8z@wufoo.com,
Elga,Wimsett,EiNjklBN,ewimsett90@dedecms.com,
Rurik,Worstall,yAyjai,rworstall91@twitpic.com,
Jimmy,O'Curran,OuhJAx9rXe,jocurran92@dmoz.org,
Teirtza,Checo,RbFgz9HUmy,tcheco93@moonfruit.com,
Anita,Picford,SdPSh5vW48xh,apicford94@desdev.cn,
Ulises,Bowness,lNylsu5bz,ubowness95@phpbb.com,
Jacquelynn,Kitchiner,XG3BTfjv7,jkitchiner96@addthis.com,
Alwyn,Westman,AW5ark4f,awestman97@eventbrite.com,
Katine,Hub,Wbq95F,khub98@typepad.com,
Courtnay,Klosges,09pi0kp,cklosges99@homestead.com,
Lesya,Pullinger,hTxB6CLu,lpullinger9a@goo.gl,
Liv,Urvoy,wQxjNTdBEo,lurvoy9b@arizona.edu,
Goldia,Swatten,Bm5nG6gUDC1,gswatten9c@dagondesign.com,
Bridgette,Gelder,p0QUvmWu8,bgelder9d@twitter.com,
Ware,Chaffey,QLDe5xB,wchaffey9e@rakuten.co.jp,
Odille,Sebert,xY0gpROTKZ,osebert9f@com.com,
Ephraim,Tiner,YxPofdj3jQN,etiner9g@studiopress.com,
Tamas,Bumby,Vfohc0o94j,tbumby9h@npr.org,
Astrix,Batey,1AEzEZnR,abatey9i@about.me,
Kimmie,Brazil,agbiJjEf8Y6,kbrazil9j@canalblog.com,
Bab,Newcomen,y0jvEDN5DnB4,bnewcomen9k@squarespace.com,
Burk,Broadbear,5gTdhin,bbroadbear9l@qq.com,
Charlot,Fockes,RsL6hkd0,cfockes9m@creativecommons.org,
Harland,Huntingford,VqDzUMmzT,hhuntingford9n@jiathis.com,
Lilias,Tremblet,cKzCX7Eso,ltremblet9o@japanpost.jp,
Bennie,Adey,4PbvFzEizjV,badey9p@ca.gov,
Fancie,Smallpeice,kdov5Ar,fsmallpeice9q@theguardian.com,
Bart,M'Barron,KpxyEhjm9F,bmbarron9r@google.com,
Abby,Goare,fpBCT8uqMc,agoare9s@people.com.cn,
Yvor,Carbett,Wjhlkc0w406j,ycarbett9t@google.ru,
Rora,Purselow,ljxTlH1,rpurselow9u@prlog.org,
Jedidiah,Starbuck,h0XYZS8WUQk,jstarbuck9v@wordpress.org,
Corabelle,Craske,vqHOUVltk,ccraske9w@naver.com,
Mitchel,Domanek,VV79qkh18,mdomanek9x@uol.com.br,
Dorolisa,Youings,qDE0nbpw0D6y,dyouings9y@so-net.ne.jp,
Isabelita,Gerrels,VcPDAWnZzvzF,igerrels9z@dagondesign.com,
Alleen,Copson,PxLnzEg8,acopsona0@latimes.com,
Aurelea,Flemmich,8cIot3Qf4S,aflemmicha1@google.co.jp,
Micheil,Meaker,Ou72mL,mmeakera2@time.com,
Frederigo,Moodycliffe,UKHN277rGM,fmoodycliffea3@chicagotribune.com,
Abbot,Stear,F2JJwmlF,asteara4@amazon.co.uk,
Michaella,Colling,mpRAIST,mcollinga5@ox.ac.uk,
Wye,Nowell,8Y1V6m7zt,wnowella6@webnode.com,
Asher,Berecloth,vS7Gfk9ccB,abereclotha7@odnoklassniki.ru,
Sim,Maultby,insygsy8U55,smaultbya8@list-manage.com,
Mae,Siddeley,UV9EiUx,msiddeleya9@weather.com,
Tanney,Kettlestringes,QdN5AqGJbTc,tkettlestringesaa@netscape.com,
Dareen,Hargreves,7bmULAh50s,dhargrevesab@wikispaces.com,
Georgine,Ehrat,9Zk9OP,gehratac@ustream.tv,
Nikita,Vertey,OemQXphBjLav,nverteyad@4shared.com,
Abbie,Beacroft,IWaYy4,abeacroftae@stanford.edu,
Yolande,Freer,vASizM9NA,yfreeraf@telegraph.co.uk,
Scott,Setchell,JUp3cTJs,ssetchellag@ifeng.com,
Jay,Tersay,xdYHiwQEQlr,jtersayah@ebay.com,
Bertrand,Bethune,EKl1Pz8,bbethuneai@elegantthemes.com,
Cora,Diver,FzA6lFfzPT0,cdiveraj@mashable.com,
Minerva,Allain,xZjpyhFd,mallainak@tumblr.com,
Jacquenetta,Hancell,sSYCSfc,jhancellal@xinhuanet.com,
Thorsten,Seer,MyHpCM,tseeram@google.pl,
Tatum,Kennelly,0lzgiZnbR,tkennellyan@unesco.org,
Laurice,Pancoast,eGWW5VP,lpancoastao@weebly.com,
Freddie,Cuffley,9GdXhzWEgx,fcuffleyap@google.nl,
Allegra,Vedeshkin,uhf5jiegFF,avedeshkinaq@yolasite.com,
Esdras,Banbrigge,Wmpc2MUSDaKy,ebanbriggear@tmall.com,
Sayres,Rhucroft,qwmozOgFqx,srhucroftas@networksolutions.com,
Pansie,O'Halloran,1psVSek5,pohalloranat@stumbleupon.com,
Wolfie,Welman,OYK4kCfh,wwelmanau@behance.net,
Ammamaria,Leven,uZs6rj,alevenav@stumbleupon.com,
Goldarina,Niece,OEfU7CQZ1Et,gnieceaw@pagesperso-orange.fr,
Winni,Kunzel,yu3WT6xnv,wkunzelax@tinypic.com,
Magdalen,Kaufman,7NeB4CQfjCuC,mkaufmanay@shinystat.com,
Tansy,Mortlock,g8eIJm59z,tmortlockaz@disqus.com,
Rossy,MacGettigen,wJvAYJ9QYWg,rmacgettigenb0@hexun.com,
Joshia,Moss,B3XPcMeF,jmossb1@simplemachines.org,
Cass,Trayton,QCifm9EPRKdJ,ctraytonb2@geocities.com,
Hurleigh,Kincey,9dKgq7Rg,hkinceyb3@hexun.com,
Betsey,Nicolson,fQypqdgO,bnicolsonb4@reuters.com,
Ketti,McIlhone,1osH8r,kmcilhoneb5@i2i.jp,
Prudy,Von Oertzen,UbXjuFJ4wkLk,pvonoertzenb6@cnn.com,
Cacilia,Hunston,TfUtAMUdfE,chunstonb7@marriott.com,
Ban,Murrhaupt,ooUSto29bw3u,bmurrhauptb8@bing.com,
Margaretta,Pimlock,IKYmPZDxOw,mpimlockb9@smugmug.com,
Bethanne,Muskett,CrXZZA0L5,bmuskettba@oracle.com,
York,Divell,zUJFtCbLn1v,ydivellbb@columbia.edu,
Jory,Arden,b0YT3dSpdq,jardenbc@abc.net.au,
Mimi,Creber,BilctC,mcreberbd@geocities.com,
Willem,Lindup,lXIJboc8jO,wlindupbe@live.com,
Brandy,Del Monte,vs05oiZi,bdelmontebf@si.edu,
Trefor,Glasspoole,meplv6h,tglasspoolebg@diigo.com,
Jere,Brackenbury,7syPcgxoPE3E,jbrackenburybh@elpais.com,
Vic,Luchelli,1Eog8H6Dn,vluchellibi@shop-pro.jp,
Ced,Normavill,KDhU3Go,cnormavillbj@ihg.com,
Washington,Fordyce,Xv8OX4QyZN,wfordycebk@livejournal.com,
Veriee,Shackesby,IPwp3DOo,vshackesbybl@ezinearticles.com,
Jillana,Lineen,oQkwDFxH1NL,jlineenbm@ca.gov,
Afton,Campa,guHfI7stvdV,acampabn@geocities.jp,
Jamill,Aleksashin,AMulcK,jaleksashinbo@go.com,
Halli,Fairburne,ZBqZNkNUzcq5,hfairburnebp@biglobe.ne.jp,
Rachele,Kinson,fE6UXAZxj,rkinsonbq@springer.com,
Nichole,Loch,PHBSoCBnL,nlochbr@aboutads.info,
Cobbie,Goghin,9foqp1,cgoghinbs@list-manage.com,
Lowell,Snoddin,AwSzWK,lsnoddinbt@xing.com,
Milli,Keppin,7NKkPl6kJ,mkeppinbu@furl.net,
Hugo,Iacovaccio,XoDIcA76k,hiacovacciobv@fc2.com,
Fidelio,Perone,rCQqme,fperonebw@usatoday.com,
Roch,Plampeyn,4SHKSKj,rplampeynbx@nps.gov,
Margalo,Carp,J6mSoiM,mcarpby@indiegogo.com,
Barbara-anne,Crocetto,DPKQo4p5,bcrocettobz@utexas.edu,
Barney,Cavill,BgZYklArcjX,bcavillc0@live.com,
Tye,Reeman,fW1mKvKxBSmS,treemanc1@shinystat.com,
Ivett,Gieves,lI3a35mx4l,igievesc2@amazon.com,
Ford,Wisniowski,qCFwcuv,fwisniowskic3@ocn.ne.jp,
Carmina,MacLaren,RiN8RUU,cmaclarenc4@va.gov,
Euell,Sirett,kUu2bIjZeNU,esirettc5@nsw.gov.au,
Blisse,Grey,qROt1cD,bgreyc6@nps.gov,
Avram,Winkell,azd0VHIF,awinkellc7@cam.ac.uk,
Roze,Bras,SCUozfksXG,rbrasc8@answers.com,
Riki,Strettell,d8ohHDTCPi,rstrettellc9@uiuc.edu,
Esra,Knights,PgFTCk,eknightsca@1und1.de,
Chantalle,Dytham,dZTP1zb5,cdythamcb@wix.com,
Storm,Tall,VVi6hU,stallcc@squidoo.com,
Adele,Cleevely,QDtz6cxvl,acleevelycd@prweb.com,
Pen,Machin,5J3wPlsJj2Fc,pmachince@tamu.edu,
Jewelle,Wrathmell,I3ykHadwKR9N,jwrathmellcf@google.com,
Vite,Ager,CCIbQsa,vagercg@harvard.edu,
Raina,Ottey,ATrENkp,rotteych@eventbrite.com,
Doe,Kerswell,lgUEyiscGoVQ,dkerswellci@hostgator.com,
Herb,Daish,RGeJht,hdaishcj@theatlantic.com,
Tanhya,O'Hegertie,D9iSdjiy,tohegertieck@mail.ru,
Michaeline,Irlam,KyJYDrlSc,mirlamcl@hibu.com,
Yulma,Montacute,iToF0PX7q2TE,ymontacutecm@jigsy.com,
Wolfgang,Childers,JhWDqMk,wchilderscn@hexun.com,
Jeddy,Tarbox,hvlMIBh99p,jtarboxco@wufoo.com,
Micheil,Maccaddie,1JRrqxGTU,mmaccaddiecp@prnewswire.com,
Dorene,Purkess,J3cQVoZ,dpurkesscq@de.vu,
Gav,Muckeen,gAwrKISdk,gmuckeencr@bandcamp.com,
Arielle,Stuffins,JnyIOe5VqB9,astuffinscs@cpanel.net,
Angel,Petrillo,0aUB1MH6dnF,apetrilloct@japanpost.jp,
Marisa,Richings,ZPIpMsA3,mrichingscu@edublogs.org,
Helaina,Basketfield,D0SjLz5Q0SA,hbasketfieldcv@about.com,
Stu,Venmore,6EDgFI1j,svenmorecw@nyu.edu,
Conney,Buney,TSp01gfo,cbuneycx@newyorker.com,
Ashil,Argrave,ZAzENJF7l,aargravecy@washingtonpost.com,
Devi,Duffie,u0eYfR,dduffiecz@barnesandnoble.com,
Sophronia,Skupinski,RcvfwwO2Q,sskupinskid0@upenn.edu,
Wallace,Guye,PC4IJoW,wguyed1@dell.com,
Flory,Hackworthy,sHw4XQp68,fhackworthyd2@jalbum.net,
Aimil,Butterly,ukccJ09hUvG2,abutterlyd3@trellian.com,
Garnette,Wellbeloved,p6OvBjuAOZ,gwellbelovedd4@360.cn,
Bettye,Faro,Fjb5c4LYH,bfarod5@163.com,
Weston,Ianno,0NLC3dczlvt,wiannod6@theguardian.com,
Charmane,Freeberne,I0cFL6lEz,cfreeberned7@dell.com,
Dollie,Rosander,7f0ZT9,drosanderd8@webs.com,
Israel,Yakhin,4YNfwm1TuRil,iyakhind9@hibu.com,
Kelsy,Friel,dPUauHzAAh,kfrielda@cbc.ca,
Jeanne,Taphouse,HDTcR1eAGL1,jtaphousedb@jigsy.com,
Shermy,Gullyes,rJITTz,sgullyesdc@cam.ac.uk,
Nertie,L'Hommee,DfFL4LRF4Ky,nlhommeedd@ifeng.com,
Buck,Skudder,I3i6YWzzuC2i,bskudderde@free.fr,
Glen,Mantram,AMEBw9K968n,gmantramdf@oakley.com,
Fawne,Keys,fEilCZW,fkeysdg@squidoo.com,
Inness,Burkin,xMWUUaL,iburkindh@gizmodo.com,
Paige,Gerler,LvoMDC28Of,pgerlerdi@addtoany.com,
Cordie,Gunda,2lBxmWIf,cgundadj@marriott.com,
Monroe,Faichnie,YK9l6P,mfaichniedk@delicious.com,
Bobbee,Smail,vEv3KWPl6a,bsmaildl@fema.gov,
Shepherd,Boylin,0ssaizgUo0W,sboylindm@is.gd,
Luis,Wilkennson,FGrTooL,lwilkennsondn@wufoo.com,
Codi,Castellino,2xGaDb,ccastellinodo@businessinsider.com,
Staci,Springall,e3N10HAHO,sspringalldp@newyorker.com,
Mathe,Di Maria,iHZlOq,mdimariadq@wufoo.com,
Elfie,Ben,g2LOJmSk,ebendr@mapquest.com,
Antoinette,Jelly,Yovv8joIK,ajellyds@ed.gov,
Zena,Marieton,QCw0rdoqX,zmarietondt@kickstarter.com,
Daune,Frentz,QRfX0ATk,dfrentzdu@imgur.com,
Edd,Kingdon,Da0ACMOaUVZS,ekingdondv@google.com.br,
Levin,Spilling,mMR7lAVq,lspillingdw@yelp.com,
Iolanthe,Ticksall,8BRI7MCK,iticksalldx@reference.com,
Lawry,Baudts,PRjYdp9HRU,lbaudtsdy@omniture.com,
Euell,Syde,5AUmLrZT,esydedz@cmu.edu,
Pearl,Nasey,gYgN2cOsM2,pnaseye0@yolasite.com,
Eve,Rilings,2PlSfLTP,erilingse1@unblog.fr,
Moore,Merida,sDLrxKc4EzUC,mmeridae2@furl.net,
Bernadina,Wharmby,9KmjpDpm0R81,bwharmbye3@irs.gov,
Dolli,McSweeney,35Ma964V3yYn,dmcsweeneye4@hexun.com,
Demetris,Domini,BycbM603dLa5,ddominie5@blogs.com,
Dalila,Gunderson,sI59XzVSBWpB,dgundersone6@eepurl.com,
Riccardo,Canter,LrebFllj,rcantere7@wp.com,
Darla,Petrasek,jtkALm,dpetraseke8@marriott.com,
Wandis,Kubach,HNwyGy,wkubache9@wiley.com,
Millard,Van der Hoeven,gEu0DoY,mvanderhoevenea@alibaba.com,
Kent,Luberti,TXR9cC,klubertieb@ca.gov,
Heddi,Lujan,32sT67FIG2Fg,hlujanec@ycombinator.com,
Bessie,Pilfold,0q5sFk0PSb,bpilfolded@mediafire.com,
Thorny,Kiff,4lQqdY,tkiffee@msu.edu,
Fifi,McKeevers,33oKNbrf6T,fmckeeversef@ucla.edu,
Sterne,Haycroft,f8CnC8,shaycrofteg@mac.com,
Courtney,Stebbins,bgeqCUeSt2t,cstebbinseh@google.com.br,
Crystie,Skuse,AagBOqqxrE,cskuseei@google.ca,
Vick,Rochester,znbgHMKz,vrochesterej@topsy.com,
Delainey,Huxster,fhjxTA,dhuxsterek@amazonaws.com,
Iggie,Suttell,2vBGYmKzlDFB,isuttellel@php.net,
Barnabe,Corney,BbNbm6ejKp,bcorneyem@craigslist.org,
Aveline,Manns,ipU8CGgo,amannsen@samsung.com,
Nikos,Hursthouse,CSP8CDl,nhursthouseeo@photobucket.com,
Edward,Grayham,t2nvsZrevRHA,egrayhamep@skype.com,
Wake,MacCard,7KpoFeSgGXr,wmaccardeq@addthis.com,
Odelia,Yitzhak,rCvIlPOC,oyitzhaker@ca.gov,
Horacio,Buey,ZPAIip5CxCMB,hbueyes@phpbb.com,
Atlante,Eby,wSOXcEKV1,aebyet@paypal.com,
Bonnie,Rossant,pXxwhN4yjo,brossanteu@sun.com,
Vittorio,Royden,m23g9a,vroydenev@infoseek.co.jp,
Jonas,Sidworth,5dkwUXlmPQ,jsidworthew@cnn.com,
Victoir,Pagitt,RLh6bB5,vpagittex@jigsy.com,
Markus,Schiementz,ZK2IyFen,mschiementzey@fda.gov,
Adamo,Chilvers,5UNOU2T8sxOI,achilversez@amazon.com,
Gerrard,McCurtain,59lv5Mx2fy,gmccurtainf0@smugmug.com,
Fina,Hutton,WFsrdS7v,fhuttonf1@nationalgeographic.com,
Alicia,Ianniello,R41lDklH,aianniellof2@fc2.com,
Jobina,Jarred,F4dk5gEQk,jjarredf3@sciencedaily.com,
Tibold,Brawson,4a3NnnUnO,tbrawsonf4@amazon.de,
Rutger,Skeat,5Rcwl6T3AmfA,rskeatf5@blogger.com,
Henderson,Bransden,z8bC2LQgvnL,hbransdenf6@shop-pro.jp,
Larina,Clayfield,N8wNSv,lclayfieldf7@psu.edu,
Sunny,Guierre,04rpVhb,sguierref8@cbslocal.com,
Sophie,Higginbottam,uUQ3AL,shigginbottamf9@wix.com,
Mortimer,Bimrose,g794e6TOL2nF,mbimrosefa@histats.com,
Glynnis,Ogbourne,18DXMPuR9Q0b,gogbournefb@wikipedia.org,
Gareth,Burless,iPbhEIZ,gburlessfc@columbia.edu,
Elvin,Rolph,YHsXp1sJAYO,erolphfd@barnesandnoble.com,
Menard,Avramovich,9h3wztAk16uT,mavramovichfe@state.tx.us,
Bessy,Darycott,1vKeII1Wi,bdarycottff@theglobeandmail.com,
Lani,Igglesden,t4d8IKz2g,ligglesdenfg@shutterfly.com,
Barbabas,MacCaull,EiuBOvoeA,bmaccaullfh@issuu.com,
Vilhelmina,Briton,yvY5AZW7Uvxv,vbritonfi@foxnews.com,
Zollie,Finnimore,4qnM0QefJjBg,zfinnimorefj@acquirethisname.com,
Nicol,Tulk,WD9XdUdRpSzn,ntulkfk@thetimes.co.uk,
Babs,Maleney,x5Iwwu5GF,bmaleneyfl@360.cn,
Nickey,Frean,ZmCdSrUw4Y,nfreanfm@reuters.com,
Nathalie,Ram,InY0Y3,nramfn@tmall.com,
Caren,Dowbakin,nyMQBhu,cdowbakinfo@is.gd,
Hayes,Foulcher,olThdyjrcITV,hfoulcherfp@fema.gov,
Merla,Gahan,Vov9AJLGovV2,mgahanfq@elpais.com,
Harper,Casazza,XDAlkGUtT39w,hcasazzafr@ft.com,
Maressa,Montilla,4o7uPA3,mmontillafs@nydailynews.com,
Cynthia,Hutchinges,U7sDap,chutchingesft@nature.com,
Ara,Awcoate,Bm3Fuhuj62n,aawcoatefu@wp.com,
Parry,Berrane,rSsGcleL,pberranefv@baidu.com,
Alidia,Eliyahu,A5b8qa,aeliyahufw@nationalgeographic.com,
Alexandrina,Jedrzej,Q9YLDtce,ajedrzejfx@fda.gov,
Van,Opfer,AzbbJNG8,vopferfy@plala.or.jp,
Judon,Geerling,FEJUXg,jgeerlingfz@wisc.edu,
Tressa,Axon,NI5pLOG8l1W,taxong0@seattletimes.com,
Leonid,Whales,K8WKbGMMhjyu,lwhalesg1@nsw.gov.au,
Gorden,D'Ambrogio,DZWHlrgv3aaA,gdambrogiog2@amazon.com,
Malinde,Kenny,0nkO7UGqLJ,mkennyg3@aol.com,
Jesse,Greenhall,h1F5JeNJNUC1,jgreenhallg4@nbcnews.com,
Eward,Gwinnell,Z0E9SDNf,egwinnellg5@friendfeed.com,
Rafaellle,Galway,UBRi5BxCT6OJ,rgalwayg6@mapquest.com,
Harri,Gitthouse,mCcx65X,hgitthouseg7@pagesperso-orange.fr,
Breanne,Duval,4hOx9GO7u8,bduvalg8@theglobeandmail.com,
Ainsley,Bank,MWpQvx1nTK,abankg9@tmall.com,
Denys,Eggleson,xMLdGr,degglesonga@woothemes.com,
Hyacinthie,Dumphrey,1eug7q,hdumphreygb@slate.com,
Maureen,Filtness,zycZtulzrC5y,mfiltnessgc@seesaa.net,
Gena,Allright,wqPG86,gallrightgd@skyrock.com,
Merrily,Sams,Zyj1Pztj7D,msamsge@macromedia.com,
Shelly,Laurentin,YUNfiNh,slaurentingf@tinyurl.com,
Isabella,Haimes,SMPDti5d,ihaimesgg@ft.com,
Marin,Haddington,SOsOQKQ6,mhaddingtongh@networksolutions.com,
Arluene,Daviddi,ubuCF6Ht6p6x,adaviddigi@ox.ac.uk,
Lamar,Epp,nAAFVX,leppgj@blogspot.com,
Roseline,Stollwerk,oD6cLw,rstollwerkgk@opera.com,
Katie,Broxis,SNTzXvu7BfrQ,kbroxisgl@drupal.org,
Jeffry,Hexter,W3MXUV,jhextergm@sohu.com,
Madge,Seatter,LywHnR,mseattergn@infoseek.co.jp,
Wenonah,Balden,wzf3BxQV7EH,wbaldengo@omniture.com,
Randie,Brechin,4oTeQX,rbrechingp@spiegel.de,
Meaghan,Ruddoch,ARenU6c06,mruddochgq@oracle.com,
Hube,Slobom,LqWdBF70L8uP,hslobomgr@seattletimes.com,
Rosette,Rolf,7epetuUQENN,rrolfgs@woothemes.com,
Magda,Kinson,NE6tIp8,mkinsongt@free.fr,
Chevy,Walkinshaw,JE4S2Y5yfh,cwalkinshawgu@bbc.co.uk,
Liliane,Fisk,KBHHjohLV66,lfiskgv@wisc.edu,
Mile,Menezes,YXLOC6pJQ,mmenezesgw@google.it,
Duff,Lidgey,QYPfvP4rR,dlidgeygx@vkontakte.ru,
Tybalt,McIlvaney,drvdKP4q,tmcilvaneygy@rambler.ru,
Gianni,Rame,pMBEl7uaV,gramegz@hhs.gov,
Dory,Urian,W91kMZnE,durianh0@about.com,
Barb,Beldam,1ESITK4,bbeldamh1@mediafire.com,
Harlie,McCorrie,TJq5SHy3SdC,hmccorrieh2@joomla.org,
Farand,MacKeague,PLm6bJpSTG3,fmackeagueh3@sakura.ne.jp,
Mady,Roger,X13C8eS,mrogerh4@weibo.com,
Odo,Gwin,OCLoJKP,ogwinh5@devhub.com,
Scarlett,Yurov,BM890WuB,syurovh6@hugedomains.com,
Rowena,Gravenor,80qxy1,rgravenorh7@1und1.de,
Archie,Fuentez,Wc9zgtojLMT,afuentezh8@homestead.com,
Margaretha,Dohmer,0XSf6R,mdohmerh9@pbs.org,
Ernest,Hartil,2Sm5IyocP,ehartilha@unicef.org,
Petronella,Dymocke,nvDseH,pdymockehb@squarespace.com,
Marsiella,Georgeon,secvJSbS4SJ,mgeorgeonhc@blog.com,
Obediah,Carnoghan,K7PDtZ10pDO,ocarnoghanhd@auda.org.au,
Jakie,Hailston,EKcKf4ZoFqyI,jhailstonhe@dailymotion.com,
Remington,Baison,r3h5dLKhTY,rbaisonhf@apache.org,
Lynnea,Viccars,CV29vedaLAz,lviccarshg@samsung.com,
Loria,Stoffersen,I6h753nPWoQ,lstoffersenhh@lycos.com,
Ulrica,Augustin,DzCNFLD,uaugustinhi@com.com,
Zola,Cockrem,FtWhrnj2h0,zcockremhj@ask.com,
Eberto,Haisell,LH4ACe,ehaisellhk@imgur.com,
Adorne,O'Scanlan,8gMZdSAJYJwm,aoscanlanhl@cyberchimps.com,
Dennie,Gewer,EW7X95PZ3,dgewerhm@sakura.ne.jp,
Melisande,Dows,1fBXzbEV,mdowshn@hp.com,
Blithe,Seccombe,DRYl5vuzR5W2,bseccombeho@vistaprint.com,
Didi,Wickerson,Oqb6Ki1a29G,dwickersonhp@miibeian.gov.cn,
Granthem,Inston,yCAHf8,ginstonhq@pagesperso-orange.fr,
Benita,MacNucator,NTYQZXOykkR,bmacnucatorhr@godaddy.com,
Lavena,Stallebrass,R0ktvZ6sg,lstallebrasshs@accuweather.com,
Sophi,Carpe,3WWbv8aE,scarpeht@soundcloud.com,
Bail,Platfoot,8lWKJs4Wu,bplatfoothu@eepurl.com,
Arron,Rolse,5qSf3wg,arolsehv@statcounter.com,
Matt,Altham,3EBcr6,malthamhw@ucoz.com,
Raimund,Manwaring,Jx5mdWBzLn,rmanwaringhx@seattletimes.com,
Howey,Kleine,iu5WKQhFBZ6,hkleinehy@com.com,
Lesli,Wale,FVD2VC1,lwalehz@wufoo.com,
Dan,Shortt,yyWMYL,dshortti0@stanford.edu,
Tobey,Dupey,DkohQsrvC,tdupeyi1@mit.edu,
Terese,Gonzales,EyPYz4GuC,tgonzalesi2@un.org,
Waverley,Burdikin,iKpaUdr6iWg,wburdikini3@bbc.co.uk,
Benoit,Duddin,OSnK2T28KN,bduddini4@europa.eu,
Carley,Vidyapin,izxQpQz6,cvidyapini5@stanford.edu,
Rasla,Stops,NR6fZfV0,rstopsi6@unblog.fr,
Gwenora,Ruppelin,XydsMQ8hcr6d,gruppelini7@earthlink.net,
Alfreda,Sellman,7zw1xeIpWr,asellmani8@fc2.com,
Sharia,Vandenhoff,MpHX80i2SjQ,svandenhoffi9@tinyurl.com,
Chiquia,Yakovlev,AtMOOFz,cyakovlevia@paginegialle.it,
Korney,O'Mullally,dmitSEZmN,komullallyib@acquirethisname.com,
Shurwood,Bohey,vqn0vi,sboheyic@fc2.com,
North,Toone,RNGniT48tJ,ntooneid@shareasale.com,
Marylou,Drewell,RGTTb7o,mdrewellie@themeforest.net,
Saunderson,Shipton,ITzFMo,sshiptonif@uiuc.edu,
Adriane,Rochelle,u7cLmPcWL,arochelleig@blog.com,
Jodie,Fraanchyonok,FSrCmobEC2,jfraanchyonokih@psu.edu,
Merlina,Monard,09mWAFJYt,mmonardii@1688.com,
Coleen,Bogace,0cxxPaayZZzs,cbogaceij@oaic.gov.au,
Dev,Rubinshtein,yVv7Ya9y0P8z,drubinshteinik@istockphoto.com,
Finn,Thay,mKkNbOvSZjI,fthayil@shutterfly.com,
Robb,Hawkswell,IlNn8KWS0,rhawkswellim@hud.gov,
Christiano,Withinshaw,NHqa9ca,cwithinshawin@usgs.gov,
Artur,Luetkemeyer,dQkNZYNOsO,aluetkemeyerio@ucoz.com,
Felisha,Tamsett,IgJyQnQ,ftamsettip@dmoz.org,
Christy,Hebbs,OjKDvR,chebbsiq@ft.com,
Emmalyn,Fleote,dzoWX0T,efleoteir@163.com,
Ferdinanda,Edler,9mw6ipCtL,fedleris@harvard.edu,
Faber,Yosevitz,PgZnIaQot6,fyosevitzit@delicious.com,
Lanita,Kubala,0PwnSpVl56kX,lkubalaiu@ox.ac.uk,
Alonso,Bakhrushin,SnE1TA3,abakhrushiniv@businessinsider.com,
Elita,Mc Giffin,ttx5bMa,emcgiffiniw@mozilla.com,
Sharl,Mirfin,dGjAh2QEEM,smirfinix@icq.com,
Jonathan,Bundock,Ys4IsXDv6We,jbundockiy@comcast.net,
Hillery,Arnaudi,grkw48fotIX,harnaudiiz@ibm.com,
Rockey,Gorton,ORm6IT1eejy,rgortonj0@alexa.com,
Ilysa,L'argent,L7yx5Fjdd,ilargentj1@microsoft.com,
Cinda,Maxweell,PExD0JXhaYv,cmaxweellj2@friendfeed.com,
Caty,Kelley,hqjJBJ,ckelleyj3@wp.com,
Beryle,Vanacci,JrEGkAMQSnb,bvanaccij4@earthlink.net,
Frances,McGilroy,rVcD8v4UF0Hg,fmcgilroyj5@europa.eu,
Abbi,Eschalette,8xHFywMDJ,aeschalettej6@imdb.com,
Danell,Rooke,gR0o2w9XKb4D,drookej7@marketwatch.com,
Jaymie,Boller,X6xu4BE2Be,jbollerj8@vkontakte.ru,
Alwyn,Itzhaiek,cuV91oIrA,aitzhaiekj9@cargocollective.com,
Starlene,Witchard,iJTyHvVeTiC,switchardja@ifeng.com,
Selig,Little,9cKoZ8ilh1oV,slittlejb@accuweather.com,
Marv,Tapply,GiC6eGjs6E,mtapplyjc@xinhuanet.com,
Reeva,Gauchier,JlXyWb,rgauchierjd@ehow.com,
Olivia,Clothier,R57GXz8dg,oclothierje@squidoo.com,
Saloma,Wyllcock,lVbd6X9OMOZ,swyllcockjf@paypal.com,
Victor,Ingreda,6fizwY,vingredajg@icio.us,
Gannon,Trighton,TXIYSI,gtrightonjh@sun.com,
Andres,Oke,1SGpf3HnNKOE,aokeji@aboutads.info,
Star,Townes,BHWVqf0SQoQV,stownesjj@etsy.com,
Eunice,Maddock,y6uNi24HW,emaddockjk@home.pl,
Alejandra,Waltering,OuXhsHNzXPPQ,awalteringjl@rakuten.co.jp,
Pansie,Sterman,JU0Lh8BAnU,pstermanjm@house.gov,
Remus,Hatrick,6JvwWXy,rhatrickjn@kickstarter.com,
Alyson,Grzegorzewicz,q2W6Li,agrzegorzewiczjo@gravatar.com,
Carry,Farmiloe,dxEEZn,cfarmiloejp@google.com.br,
Cody,Markovich,ekeWgYFleq8,cmarkovichjq@joomla.org,
Brock,Dwane,Nlj0rp,bdwanejr@qq.com,
Rriocard,Merriton,tn8Q0IzcViM,rmerritonjs@freewebs.com,
Damiano,Fuidge,VHD6kPC3,dfuidgejt@slate.com,
Valene,Nare,xj8P6I9NJ,vnareju@reddit.com,
Jacklin,Stopper,ti0jRxL,jstopperjv@apache.org,
Lemmy,Crampton,Tc85q05VmBU5,lcramptonjw@rakuten.co.jp,
Viviyan,Hallatt,oyP6UKC,vhallattjx@cloudflare.com,
Cornelle,Padbury,GXl7982wZ,cpadburyjy@cocolog-nifty.com,
Astrid,Edger,WbpOA7E,aedgerjz@acquirethisname.com,
Nelly,Giraux,EDcsZBYzwwYI,ngirauxk0@go.com,
Trumaine,Cussen,C0PejWtd1pz,tcussenk1@stumbleupon.com,
Fredek,Dechelette,tXnszbM17m,fdechelettek2@oakley.com,
Kati,Thickett,KvVIHxJE7,kthickettk3@dagondesign.com,
Chastity,Drance,W3IUBT,cdrancek4@usatoday.com,
Ruth,Schwerin,S0NV8uUNkU6n,rschwerink5@acquirethisname.com,
Arthur,Rizzardo,xiYPcN,arizzardok6@ca.gov,
Leanor,Bucky,Si49tgN,lbuckyk7@yahoo.co.jp,
Albie,Tollet,eF3TJV8fX5KJ,atolletk8@japanpost.jp,
Cherey,Mathissen,x0ue4V3zf7Xm,cmathissenk9@github.com,
Brittaney,Sneaker,a26DzhC8,bsneakerka@fotki.com,
Linnie,Beynon,IMfcckMcn,lbeynonkb@technorati.com,
Reilly,Paroni,prSpQX7,rparonikc@plala.or.jp,
Ursuline,Carnihan,YJlpJEqOrqu,ucarnihankd@tinyurl.com,
Nerissa,Syddon,QvsCRcOYP,nsyddonke@histats.com,
Renaud,Spanswick,ALngOy,rspanswickkf@naver.com,
De witt,L'Episcopi,XwCEKycLAG,dlepiscopikg@infoseek.co.jp,
Babs,Colmer,gJvd3Ir,bcolmerkh@foxnews.com,
Gillan,Clarson,uIqtAPrs6bZ0,gclarsonki@cdc.gov,
Sophey,Bradshaw,OsOww5SPTQqu,sbradshawkj@stanford.edu,
Ray,Klamman,wRfv1zVpLZ,rklammankk@aboutads.info,
Zelma,Maher,VoBbEb0,zmaherkl@ask.com,
Kristen,Reeson,IWZp4F8fvmp,kreesonkm@blog.com,
Pepe,Trusdale,OshMYiLcXQs,ptrusdalekn@epa.gov,
Abbie,Kyston,ts975YkREG,akystonko@hao123.com,
Cynthea,Nockells,QEcYW7M,cnockellskp@census.gov,
Dorian,Broome,Dd7rLD,dbroomekq@un.org,
Nicolais,Cheves,wRCH2rGqgos,ncheveskr@pbs.org,
Kean,Garrioch,Kaa1XJZ,kgarriochks@icq.com,
Willette,Ties,rmA8fVAdJAmW,wtieskt@un.org,
Berte,Wake,D1rwPPE5a,bwakeku@bravesites.com,
Fina,Ruxton,mSm3DSoa1,fruxtonkv@slideshare.net,
Lyn,Greengrass,pXaWPk8,lgreengrasskw@live.com,
Ulrich,McGairl,KFINRN0,umcgairlkx@slideshare.net,
Conrado,Hobben,XMdTE3opIoC,chobbenky@twitpic.com,
Ware,Vescovo,KA2IaPbWB,wvescovokz@sakura.ne.jp,
Olwen,Rozalski,hn05pa1lxfP,orozalskil0@jigsy.com,
Marlow,Hamlin,YtmqioeqS,mhamlinl1@amazon.co.jp,
Raimund,Golagley,bqzdCaFJGV,rgolagleyl2@weebly.com,
Thor,Lunn,2tUQZ613,tlunnl3@noaa.gov,
Alisander,Dalyiel,gsGQDItGVf,adalyiell4@w3.org,
Fredelia,Duckering,1AmOLoCY,fduckeringl5@icq.com,
Sheppard,Lauritzen,Ren98t,slauritzenl6@wsj.com,
Crin,Franklen,ZvYZfqk0,cfranklenl7@discuz.net,
Thorvald,Cassley,HugDDNsgce,tcassleyl8@photobucket.com,
Padgett,Luparti,RhbUyRdxUH,plupartil9@nhs.uk,
Krishna,Meineking,cs0cmgWu5s,kmeinekingla@addtoany.com,
Calv,Donne,5t1QCF,cdonnelb@github.com,
Linea,Circuit,kweS21q6A,lcircuitlc@t.co,
Guthrey,Forsaith,ZjcUlQtiGFoN,gforsaithld@washington.edu,
Dannie,Iggulden,NcMQDeeJJ7,digguldenle@cornell.edu,
Jimmy,Pulfer,Tr8Doz,jpulferlf@tiny.cc,
Mar,Gavrielli,QoAoqtBHFzK,mgavriellilg@microsoft.com,
Joline,Lesslie,20mIEa3y,jlesslielh@dell.com,
Korrie,Lanchberry,QlulFSOTx1,klanchberryli@boston.com,
Corinne,Kaemena,PvC7VI1DZih,ckaemenalj@ucoz.com,
Skipp,Spilsburie,CZCfxfaE5TU,sspilsburielk@yahoo.com,
Gerrard,Chatenier,qM3VVknhdl,gchatenierll@home.pl,
Jorey,Egleton,zV7BbihE,jegletonlm@answers.com,
Adah,Waywell,wc6PBBrPna,awaywellln@ezinearticles.com,
Lucille,Jewis,wQd1OHsYHXD,ljewislo@odnoklassniki.ru,
Melisent,De Laspee,2YFGTG,mdelaspeelp@ucsd.edu,
Sarena,Aspinall,c54ByCCe,saspinalllq@wix.com,
Olva,Millberg,IVQfoyxZL,omillberglr@bandcamp.com,
Morgana,Lelievre,ABEKTRCU,mlelievrels@spiegel.de,
Justen,Kinner,5crEiMQgsEIn,jkinnerlt@liveinternet.ru,
Athena,Ellacott,zNookGv,aellacottlu@yolasite.com,
Gwyn,Mateo,addWmh1HtJY1,gmateolv@harvard.edu,
Rosa,Cisneros,kinYDMT7Jts,rcisneroslw@ca.gov,
Blakeley,Milington,a6AlZmlv,bmilingtonlx@ow.ly,
Kelley,Crowdy,3skYl0R,kcrowdyly@jiathis.com,
Torr,Vannoni,SFtSXvjGh,tvannonilz@digg.com,
Fey,Hrinchishin,ZejWQmzoeB,fhrinchishinm0@alexa.com,
Jobey,Jachimak,d2RAt9eCY,jjachimakm1@marketwatch.com,
Theresita,Flindall,x4l5SaM,tflindallm2@rediff.com,
Leanna,Tomkiss,dbHFwNYtt,ltomkissm3@altervista.org,
Kizzee,Hamal,5owtDvfdgzi0,khamalm4@reference.com,
Brooks,Melson,w2guHeLqk,bmelsonm5@weather.com,
Kimball,Pilger,HxenHfWha3K,kpilgerm6@mac.com,
Susanna,Spaice,qINgeKq,sspaicem7@paypal.com,
Alvin,Naulls,zUUO16CWI,anaullsm8@prlog.org,
Abdul,Kleanthous,5trohfZoRzF,akleanthousm9@furl.net,
Ardra,Learmouth,tJLgYnJDf,alearmouthma@lycos.com,
Marylinda,Pally,CrFntJ,mpallymb@diigo.com,
Tildi,Leebetter,emKM0exQFfu,tleebettermc@multiply.com,
Delly,Hadrill,ulKQeooo2,dhadrillmd@mayoclinic.com,
Hugo,Milstead,920Y5h1BPjB,hmilsteadme@businessinsider.com,
Ettie,Hartfleet,k2tavLgWrhy,ehartfleetmf@example.com,
Julian,Dockrey,cheUKlX,jdockreymg@skyrock.com,
Jayme,Tasch,9sIPfYmclWd,jtaschmh@acquirethisname.com,
Raoul,Doche,i0mHHWuZI8Ck,rdochemi@wp.com,
Danika,Zanuciolii,SMLij1Se6Oo,dzanucioliimj@seattletimes.com,
Crista,Colthard,QoBt8Heg,ccolthardmk@merriam-webster.com,
Emylee,Tidcomb,rXPijUVJa,etidcombml@epa.gov,
Perkin,Ruskin,WO3hwDxPnu,pruskinmm@paypal.com,
Judi,Pryor,8zVitekmGT,jpryormn@biblegateway.com,
Sayre,Sigert,RDNGga,ssigertmo@dell.com,
Federica,Glacken,NP7h3CrX,fglackenmp@youtu.be,
Dode,Doick,mSauL8tGjHc,ddoickmq@fda.gov,
Archie,Pagelsen,vteQLCp0,apagelsenmr@ucla.edu,
Cy,Girone,1Q3jfKCdg,cgironems@arstechnica.com,
Lavena,Jancey,GlrHk3x0,ljanceymt@mlb.com,
Cullan,Gladman,yFwGN9wj6,cgladmanmu@tinypic.com,
Joya,Carss,dsPWqO,jcarssmv@is.gd,
Rem,Halfhyde,7vqPfFRO5l,rhalfhydemw@so-net.ne.jp,
Granny,Mulrean,QRzydHCn,gmulreanmx@joomla.org,
Sollie,Belchambers,i5e2DE,sbelchambersmy@tinyurl.com,
Obediah,Denisyev,KfWc8o1k,odenisyevmz@twitter.com,
Daryl,Blasik,2agSx6k1H,dblasikn0@msn.com,
Jack,Kelloway,dyEJ1dAqSs82,jkellowayn1@ifeng.com,
Tanney,Hamber,kLo1hU,thambern2@nationalgeographic.com,
Killy,Satterly,W9c1bg0,ksatterlyn3@google.es,
Ashton,Luna,UVxEqlEJ077z,alunan4@google.ru,
Davita,Messent,5B6trUdS,dmessentn5@gravatar.com,
Kane,Millis,EXuuKijDysd,kmillisn6@admin.ch,
Alisha,Frantzeni,spZZqO,afrantzenin7@berkeley.edu,
Giselle,Camoletto,pXI129Y9N2r,gcamoletton8@rediff.com,
Bryna,Waith,WXfVnAYd,bwaithn9@comcast.net,
Dorothy,Chittim,x7FgYz,dchittimna@hostgator.com,
Sarita,Toffoletto,bbssXRkmm1V,stoffolettonb@chronoengine.com,
Helyn,Branson,BOjDTz,hbransonnc@sun.com,
Alvy,Grinnov,44sU96SvcFfm,agrinnovnd@msn.com,
Lucilia,Cawdell,6wIZyeK,lcawdellne@amazon.de,
Sigfried,Izacenko,vAXO6qNlcVO,sizacenkonf@wunderground.com,
Miguelita,Allred,SfZRxvLmHJU,mallredng@youtube.com,
Gweneth,Piggott,CIaKUd,gpiggottnh@ftc.gov,
See,Wellfare,YuyGC8G,swellfareni@thetimes.co.uk,
Broderick,Newberry,YpxW5AV,bnewberrynj@wsj.com,
Caroline,Pickle,nnauTZFvloy,cpicklenk@wunderground.com,
Humphrey,Ingles,4l6YDMV4pO,hinglesnl@over-blog.com,
Katlin,Schruur,uBoXfuJZWK,kschruurnm@last.fm,
Kriste,Restill,Rn0WgEBrk2,krestillnn@goo.gl,
Jennica,Woodson,4glQSG9S,jwoodsonno@nymag.com,
Wittie,Michele,NrvnpDG92WEK,wmichelenp@epa.gov,
Ricki,Randlesome,tshrQMV,rrandlesomenq@hc360.com,
Kellen,Pike,BdODc1nKxKH,kpikenr@clickbank.net,
Colby,Anwyl,1aFLee,canwylns@adobe.com,
Kakalina,Caygill,mpq7DBY,kcaygillnt@craigslist.org,
Rhoda,Coonan,A9slQXU,rcoonannu@go.com,
Byrle,Rubinek,MHJCD24LZZ8,brubineknv@miitbeian.gov.cn,
Gustie,Culkin,TKCkNs7,gculkinnw@discovery.com,
Paulette,Firidolfi,IYKxHdOh3wMW,pfiridolfinx@ebay.com,
Dian,Kreber,fdyjQR8FfYMp,dkreberny@tuttocitta.it,
Sally,Alliband,mZ3Qux7Apk,sallibandnz@mysql.com,
Camellia,Paslow,xBhxXaOTp6V,cpaslowo0@mysql.com,
Denys,Kyles,T1zNlP81,dkyleso1@istockphoto.com,
Sonia,Castanie,MjySMRrhI38A,scastanieo2@mashable.com,
Tanitansy,Naile,1h5fxaR,tnaileo3@aol.com,
Vally,Reddings,ksfBZs1jl,vreddingso4@tinyurl.com,
Rica,Atwater,iP6OD5QFaObn,ratwatero5@simplemachines.org,
Isa,Alflatt,qMFasyA8Z,ialflatto6@joomla.org,
Egan,Felce,8Sq8rxDna,efelceo7@microsoft.com,
Libbey,Mogey,uR8IUcWdB,lmogeyo8@prlog.org,
Denni,Bonwick,XLBzte3Yx32,dbonwicko9@umn.edu,
Lil,Shearer,qi0rVlLuwA,lsheareroa@bandcamp.com,
Ethel,Chaves,lVz448ZcN,echavesob@hao123.com,
Aeriell,Oakton,g5SzL4nj,aoaktonoc@dailymotion.com,
Donaugh,Northover,HsCwbguPOFPt,dnorthoverod@hostgator.com,
Rora,Gerrit,6zAEwmnDk3a,rgerritoe@slideshare.net,
Smitty,Ronca,cglexzDEktSQ,sroncaof@ycombinator.com,
Fredra,Heffernon,IuNBIvT,fheffernonog@shareasale.com,
Beatrisa,Ashleigh,dPNllDDC9,bashleighoh@yandex.ru,
Mirabel,Lapthorn,Z2Ij31iok,mlapthornoi@rambler.ru,
Calhoun,Brumfitt,9kpjTigpq,cbrumfittoj@slideshare.net,
Jasen,Jone,iSYy7oic,jjoneok@g.co,
Stanleigh,Jolin,zfUMYVcS4SFF,sjolinol@foxnews.com,
Doralia,Marti,0nz7loair,dmartiom@constantcontact.com,
Gibby,Boynton,cQte3g9e,gboyntonon@dell.com,
Bartlett,Lince,E3c6xL,blinceoo@yelp.com,
Abbie,Heavens,33sxGxepy,aheavensop@utexas.edu,
Noel,Boays,xkqZqk,nboaysoq@ehow.com,
Debra,Solland,rmSEGF,dsollandor@sakura.ne.jp,
Arlan,Dewes,zQQ7zuM,adewesos@wiley.com,
Antonie,Fakeley,9Hvxt4r1y,afakeleyot@wiley.com,
Orion,Rodgier,lwLPlm,orodgierou@telegraph.co.uk,
Lindsey,Blakeden,feGmrnnLkMJ,lblakedenov@dot.gov,
Hale,Ferrero,A9U3HT,hferreroow@ihg.com,
Web,Wickardt,oVUFoKQPgMcW,wwickardtox@pbs.org,
Rasla,Antonchik,c0ysPsOqOle8,rantonchikoy@liveinternet.ru,
Lenka,Nystrom,SDRctPUCFT5b,lnystromoz@wsj.com,
Welsh,Ducarel,rUrsIP,wducarelp0@cnn.com,
Cobby,De-Ville,tcSjV2QiTSSZ,cdevillep1@prlog.org,
Stanly,Mattek,lgT5ZlvNwuj,smattekp2@nymag.com,
Karlotta,Skypp,9bJlV1iUUq,kskyppp3@github.com,
Tyson,Naisby,Tx3qwOfHU,tnaisbyp4@vinaora.com,
Damian,Schachter,IKERPc,dschachterp5@blogger.com,
Sophie,Gouley,MNwpSUwSyNQ4,sgouleyp6@pagesperso-orange.fr,
Flint,Nevin,632ZGbXOkRbz,fnevinp7@barnesandnoble.com,
Cyrille,Von Gladbach,pr7kgs,cvongladbachp8@dyndns.org,
Arabelle,Durie,3ksmfjD2jnj,aduriep9@lulu.com,
Shae,Grievson,6HN6JCW,sgrievsonpa@thetimes.co.uk,
Demetris,Thinn,JAtzHT9,dthinnpb@issuu.com,
Reine,Work,ZxpRBSsXgL,rworkpc@flickr.com,
Marlene,Lubomirski,JJbLdds,mlubomirskipd@youku.com,
Nickie,Bloxsom,v7VDD5mTfm9,nbloxsompe@t-online.de,
Stillmann,Orrom,6Ko7W7,sorrompf@unblog.fr,
Glenda,Gorries,H5cRjqLUjYka,ggorriespg@yahoo.com,
Lind,Pheasey,FRK4fT,lpheaseyph@issuu.com,
Den,Piggens,F4duXjhASWE,dpiggenspi@jiathis.com,
Adelina,Jarret,CaBBtu,ajarretpj@yale.edu,
Brigitte,Lamonby,jTm5EalzHef,blamonbypk@deliciousdays.com,
Dudley,Witton,M6mNhPEjr5,dwittonpl@nsw.gov.au,
Worthington,Rollings,SMClkaJ9,wrollingspm@miitbeian.gov.cn,
Yorgo,Varker,WiefNbDB,yvarkerpn@lulu.com,
Marcos,Lindbergh,osSA7OoghvYG,mlindberghpo@forbes.com,
Vickie,Covelle,rPYSBc2Td7kY,vcovellepp@google.ru,
Emelina,Alabastar,0Ie8A0,ealabastarpq@facebook.com,
Clarissa,Bathurst,74PB8SmkOkra,cbathurstpr@altervista.org,
Leupold,Pacheco,sVqgQzWxlPC,lpachecops@canalblog.com,
Gabby,Escoffier,PIk3DyFoN2,gescoffierpt@time.com,
Georgi,Heisham,Y4UAoiBhw,gheishampu@umich.edu,
Demetra,Sandon,RI4SSv,dsandonpv@sciencedirect.com,
Jobie,Shackell,j0V5WR3XN,jshackellpw@state.tx.us,
Patrizia,Litchfield,Qf8tU5qjeMy,plitchfieldpx@indiegogo.com,
Sigfried,Stoite,0GiMAFFcCgfo,sstoitepy@washington.edu,
Ephrem,Mc Faul,ek71gh2mj,emcfaulpz@about.com,
Julita,Yerrington,Yywv81sXvkY,jyerringtonq0@seesaa.net,
Janella,Ledgerton,VaLzwZEc0i,jledgertonq1@kickstarter.com,
Selle,Antony,HBhkeAmXCOm,santonyq2@netvibes.com,
Ara,Thiem,xWNEoX,athiemq3@163.com,
Franz,Phare,CxyeEWuW,fphareq4@hexun.com,
Sabine,Inglesfield,4JGg2SnT,singlesfieldq5@wired.com,
Hermon,Cardinale,7ka8shpEM,hcardinaleq6@jugem.jp,
Lian,Raden,ng98BT,lradenq7@berkeley.edu,
Elisha,Mablestone,D3srRNSNBU,emablestoneq8@github.com,
Chane,Redfern,TfLaNW2zWfzW,credfernq9@google.fr,
Nertie,Keal,2HStkuZ4,nkealqa@myspace.com,
Archambault,Ansteys,GDVUICn,aansteysqb@springer.com,
Val,Sherrett,Klhl3zKzCQT,vsherrettqc@naver.com,
Barnett,Issatt,R96oqy1cw0,bissattqd@si.edu,
Anabal,McCadden,5FWAmO9,amccaddenqe@mozilla.org,
Hort,Guerin,55h4Yzrrh,hguerinqf@businesswire.com,
Adara,De Blasio,Jwr2Hot,adeblasioqg@shutterfly.com,
Clemmie,Priddle,8MS99I80M,cpriddleqh@netvibes.com,
Ricki,Gian,n5Yq9g,rgianqi@privacy.gov.au,
Candis,Hartmann,B5hyhzZLXYnD,chartmannqj@virginia.edu,
Dael,Kermott,ZEwmut2WNOkE,dkermottqk@tuttocitta.it,
Hillyer,Brosnan,j7nhdlA,hbrosnanql@tiny.cc,
Nathanil,Gready,Fu9KxGPb3nl,ngreadyqm@xing.com,
Cody,Gandar,IF2TWSwuxzB,cgandarqn@marriott.com,
Danyelle,Newbury,l9hePGLopCX,dnewburyqo@shareasale.com,
Breanne,Symes,GPYzTLC4,bsymesqp@bbb.org,
Nicolle,Boulds,Jf0jRc4iHM,nbouldsqq@github.io,
Valaree,Surr,rYlIeZRKkGT5,vsurrqr@addthis.com,
Yasmin,Sellack,IvOy2Jaa,ysellackqs@csmonitor.com,
Rikki,McGooch,icxuuXxA,rmcgoochqt@github.com,
Loydie,Cheesman,yyomsgAl,lcheesmanqu@usa.gov,
Elnore,Stanex,FmM3m6ik3h,estanexqv@vk.com,
Devy,Beharrell,Os2goJN3B,dbeharrellqw@biblegateway.com,
Ottilie,Paoletti,ilCtCggJB,opaolettiqx@mtv.com,
Bebe,MacGrath,0DHx3s6e,bmacgrathqy@narod.ru,
Charity,Ventura,jt8u1K,cventuraqz@si.edu,
Audry,Runham,71E4O2p,arunhamr0@uol.com.br,
Jody,Baselio,Qyd6WJo2,jbaselior1@mapy.cz,
Vergil,Kiln,yCfe7fMQbj,vkilnr2@networkadvertising.org,
Aldin,Ferber,9117FP,aferberr3@google.ca,
Townie,Broxton,sQX66PQXL6wg,tbroxtonr4@instagram.com,
Florri,Tumayan,T7ZAYcYgdOdG,ftumayanr5@jiathis.com,
Viviene,Faltin,YCT4iaA,vfaltinr6@joomla.org,
Leonie,Hatcliffe,wCNB8Wd,lhatcliffer7@apache.org,
Harper,Tookey,Mdp8QRYrjl,htookeyr8@columbia.edu,
Ianthe,Anfrey,bBjkbEoTCt,ianfreyr9@admin.ch,
Babita,Baxter,LzSXJT,bbaxterra@ftc.gov,
Bellanca,Hawkswood,IJUOQAIe,bhawkswoodrb@forbes.com,
Davy,Maccaddie,fldswKwmQM,dmaccaddierc@stanford.edu,
Brant,Brute,tQS9DJj36,bbruterd@who.int,
Ashley,Scarr,B7KXhSc9,ascarrre@statcounter.com,
Robinet,Cater,jiYM8V5cn,rcaterrf@geocities.jp,
Justin,Fullerd,eTNStOs8yXe,jfullerdrg@symantec.com,
Nerti,Kadar,EBknJ6,nkadarrh@irs.gov,
Kaia,Verlinde,i5u9m8GCkC,kverlinderi@vinaora.com,
Dael,Bartomieu,QLN2VOF,dbartomieurj@xrea.com,
Yvon,Massimo,YDpngIGkOZ,ymassimork@flavors.me,
Ardenia,Chate,f0usHU,achaterl@si.edu,
Randie,Corstan,ZPHYliIVm,rcorstanrm@drupal.org,
Norah,Revett,fCdFGcm,nrevettrn@furl.net,
Land,Dreier,c3obXXrqWQNg,ldreierro@mlb.com,
Haywood,Hendrichs,7J6fZcdM,hhendrichsrp@tiny.cc,
Celestina,Iacobacci,kKTM1vZhojG,ciacobaccirq@imgur.com,
Sybila,Durham,revZOKYM,sdurhamrr@themeforest.net,
Twyla,Lukacs,ax4F6tM9,,+81 841 871 0604
Red,Gallant,l1u84FoCno,,+63 883 450 7578
Doll,Borzoni,b9agYLNgj,,+62 864 479 8742
Molli,Rayworth,e7SQHNKjSomd,,+33 914 806 9732
Bobbette,Eschalette,KsTQokcRT0zk,,+967 696 921 4761
Dinny,Mallall,7n5PfY,,+63 325 436 7021
Evered,Rove,XY39SyM0F,,+81 399 412 3525
Cary,Kubin,nZFQFKiVIHP,,+62 477 928 6216
Mohandis,Backshall,eeUOnYkOSK,,+420 291 832 4270
Eric,Donalson,MM8sVwNdD,,+62 976 980 2348
Burr,Wainscoat,oSzMXKJ,,+82 223 394 4408
Wallie,Reightley,WivS2A4rTH8,,+1 532 353 8727
Deanne,Pinnion,6md2zd8A,,+46 257 148 8222
Gerome,Dutton,Y0dcAz06mgqP,,+62 720 585 7796
Max,Jadczak,rFsYrXrGFt9e,,+63 391 737 0349
Domingo,Klugman,kmSLUFW8yLaa,,+60 796 697 0209
Ulrika,Tripet,RHsAJpBcZoh,,+420 738 610 9412
Meredeth,Giraldez,I91Wbvuv,,+92 216 184 3456
Domingo,Widdowes,pTeX67E,,+977 388 540 7290
Brandy,Barthram,3I2FU5omFBcw,,+57 719 330 9413
Petra,Hunnicot,OnHyapc89Hn,,+994 790 578 8346
Dona,Thirlwell,yOECJopu1G,,+54 442 631 6070
Tessa,Picopp,IDwC8i,,+52 204 378 8342
Donalt,Macer,QXGy0RZ,,+86 276 498 7141
Welsh,Canner,4vJN7nWWnkSf,,+86 940 958 5442
Lanna,Escritt,5Q53bMAz,,+227 948 106 2574
Elisabeth,Coniam,nFnLSpBb86y,,+86 414 722 1059
Sylvester,Crohan,nZES2R7Ac9,,+86 842 217 6436
Lynett,Galliford,sl6m1rEO,,+236 689 204 7619
Ronald,Oglevie,IKf5QQyOp,,+62 779 548 8895
Camala,Gleeton,GBrPXGooZir,,+86 214 655 4864
Flor,Emett,yBh0qgfMg,,+62 162 415 1545
Kristopher,Hearn,LqutFf,,+7 933 179 9440
Reube,Fetherston,PXQu5XI45,,+86 775 375 3894
Frayda,Matsell,dyoPhWGyjdg4,,+33 844 809 9719
Leonardo,Kittle,FrjgXd,,+62 833 909 8374
Maribel,Leworthy,yA0YWbzkcEN,,+48 735 256 0836
Cheston,Lowrance,iszoskij,,+51 681 933 2711
Glyn,Densey,9U39BWZkNYve,,+55 672 617 4976
Randi,Sidle,dEuH5eD,,+380 702 480 2009
Euell,Jeduch,uLlJio39h,,+63 360 937 6219
Sandi,De Wolfe,mBFCk5ZN,,+63 778 710 4116
Mildrid,Sudron,eXXdr0P5,,+86 311 197 6979
Sella,Terbeek,oT2p3xYf,,+351 446 118 3229
Dasha,Skoggins,qMc21HfCL,,+1 971 145 2610
Law,Ritchley,L6GB7ah,,+48 785 432 9041
Goldia,Slocum,t1jpZX569thC,,+595 938 787 6371
Joelle,Dicks,JXLmoUrDiGe,,+258 270 977 0522
Korney,Ragg,OYYm2otn3z,,+1 850 182 6860
Grange,Eliesco,vtLtEWNZ,,+212 148 753 1060
Annmaria,Niemiec,7o9dsF,,+54 932 448 1076
Cheri,Blazeby,iUzGBdwxjrG,,+48 710 169 8041
Hakeem,Brandon,22DDXDnT,,+48 758 876 2165
Agretha,Scolding,fMQVeICGNI,,+7 798 263 5295
Emilio,Mortell,nPl2BQCbixD,,+53 937 954 8114
Chucho,Rolfini,G2sdPwW9,,+63 605 344 9847
Dodie,Knudsen,1gSVFoUP1y,,+47 275 641 0475
Bibby,Seamons,zWPiTfZ,,+33 428 638 5121
Bert,Criag,fyr4CvGUjN,,+92 620 393 5152
Tobi,Blewis,bjKgFyZ9l,,+48 803 367 0501
Shani,Gravett,Fur7bB40gD0,,+45 977 401 4995
Robbie,Minelli,OubpJH0,,+86 481 274 7496
Karim,Kield,gRRzABn5IDw,,+504 649 309 8003
Gradey,Emlen,bAl6Uc,,+63 520 467 6006
Minta,Buttery,I5WsWm,,+389 564 169 6021
Cole,Dallemore,MOsJTeq,,+251 421 619 6455
Lauren,Snoding,k8GLZjQ6,,+81 944 165 7244
Colman,MacMorland,wUUX8piYvm,,+56 781 111 6546
Avrom,Oulett,D6ZhlEf,,+1 254 219 8657
Byram,Trodden,swSc3zYM1qQD,,+261 380 701 3309
Ellene,Wardesworth,uCLP9P,,+52 924 131 3245
Jodie,Smallsman,It2XmY,,+86 293 230 1508
Trueman,Knappe,Yc7wag09qh,,+55 674 305 9220
Rosana,Klein,lflsygv6,,+81 388 441 9196
Onfroi,Hachard,qzGURGq,,+7 163 968 4424
Arlinda,Senchenko,hxNrOZWn,,+62 846 977 4781
Lonnie,Phayre,8uGDbEX1,,+7 911 705 6438
Jenica,Brouwer,K3E35gU,,+55 340 461 9261
Dmitri,Fiveash,Bh5jbHy,,+81 987 631 2686
Natasha,Rozenbaum,ghlDEnEnyBv,,+86 998 779 0144
Madelon,Worsell,kpvJjcvKGEkv,,+86 532 935 2527
Jayme,Spaule,6k8ANf0EL9,,+51 148 623 5618
Andrea,Pimley,wHF3pUkdiaSG,,+86 297 591 9038
Dermot,Burland,t1rsyvC4kTOu,,+386 936 758 5886
Florida,Vernham,F0y3Vs,,+86 251 476 6742
Cobbie,Braidon,RMlkAhFPS,,+502 426 645 9985
Arleyne,Croot,hBnbf6D0oy,,+27 799 156 8729
Sherlock,Bilbrook,WiApyCt4xtxo,,+86 205 959 0315
Irena,Snary,JhrrpNapB,,+56 615 329 0841
Hilton,Cleife,32KBPOqFCO,,+66 208 346 1326
Rosamund,Estcourt,Fr3vXb4q0,,+86 394 619 6100
Ernst,Strattan,3ujdZJZ,,+33 589 424 9102
Keary,Lock,tYfrj0A6oF,,+502 196 325 0173
Carey,Roycroft,t0BLUVav,,+60 643 523 5908
Kathi,Brimble,oUdqYk0eT4,,+993 683 593 7417
Hobey,Killingback,qeQ9yOIYfDeM,,+216 117 191 1063
Salvidor,Pakenham,TJZtxIMu9aOJ,,+1 501 270 1615
Nert,Yoodall,dZx50cdxmQY,,+57 190 862 2204
Panchito,Harp,V0PT4XQnXmc3,,+1 989 411 9197
Gray,Hallet,FvL2rmJXuAn,,+262 634 350 3708
Aristotle,Brissard,QGfbO29Klbix,,+977 962 680 7850
Rodolfo,Elph,cecXkxqJ,,+63 810 926 7654
Andriana,Spillard,aMHTEry4,,+994 775 989 2495
Malina,Withur,aVQjDa,,+62 347 620 0877
Rockey,Tremblay,GKzSmNn,,+86 841 718 2296
Odele,Mc Andrew,44Jo0T8bn,,+374 459 231 3222
Verina,Kenworth,vwyaDMkkA5iv,,+249 429 537 9051
Isidor,Pine,FUGrXjyp,,+370 210 522 2092
Laverne,Kingswood,SvLGElxKk7,,+251 112 933 0691
Adler,Antognazzi,mowgaJYos7Ma,,+30 530 405 8983
Tonia,Smalls,ThFwCRnW,,+996 846 787 7624
Zorah,Scirman,fnvPvJ,,+968 386 762 6844
Virgie,Corgenvin,mTLNbSNw,,+33 966 967 1718
Donovan,Laite,vOg7HWsFi,,+968 469 517 4682
Gerhardine,Giovannoni,lWsxdhY1sbB,,+63 215 658 4769
Winnifred,Kensley,dmElqFdDdR,,+57 651 570 5137
Isobel,Housin,NjKL2ei,,+1 269 174 1311
Aldus,Andreotti,Qw7NSqM,,+216 768 783 0007
Aurie,Worviell,3OL9Zzj8lZi,,+86 617 448 3160
Mathilde,Cocklin,S0t9M26i,,+7 215 519 4677
Carlie,Derobert,3RdfMZuo,,+380 815 461 5284
Gradey,Maine,8GF9AwxZqtmL,,+58 913 109 3981
Elenore,Stickens,ozhorbbylSE,,+62 934 689 5540
Dinah,Biset,iBjSn6aIipu,,+1 812 528 8045
Rodolph,Gossan,VtF5kBiQ92U,,+86 586 995 4375
Lamar,Bendin,jXineGQ8BgH,,+63 376 711 7999
Web,Dunbobin,Xci1Jve,,+7 239 562 2696
Petronia,Tidball,jGD1t3Sn4J,,+86 520 466 2232
Nye,McCadden,zvOitCKryc,,+7 420 520 6811
Florentia,Ludewig,xC3xd3HJtOg,,+47 267 352 1687
Lorie,Mardoll,qqy8iJ,,+86 180 897 2611
Tatiana,Clitheroe,Ks1Lqqgwp,,+62 745 272 7708
Abe,Emeny,78zN7m8V6m3w,,+30 606 864 8089
Adolpho,Somner,kyKc45,,+27 220 701 2597
Noella,Allitt,5zmfG33,,+81 727 542 4871
Michaella,Possell,Ndsh1hB,,+81 853 376 0718
Nerta,Pettersen,d7qwGN,,+420 254 207 5209
Celina,Coleson,HB7bVFbE,,+86 316 752 7646
Redd,Fey,SGiiNPdVhYv,,+62 231 572 0882
Son,Cumberpatch,8yn5Jo4Olgo,,+62 192 852 8077
Gale,Tarbert,8z1TTiZelde,,+351 986 818 1737
Mair,Molyneux,wD1i5H9A6,,+86 187 344 1584
Shana,Leathers,gfTHoqHFmrTt,,+370 499 770 9431
Ellene,Long,O43ebWmC4,,+1 665 806 2797
Lu,Conquer,caGhogph,,+86 101 213 2186
Silva,Olden,O4qh2fJ0GT,,+251 969 820 9389
Bernita,Bullough,ta13mh5,,+86 510 956 5537
Corbett,Stenner,DBX1e7bOnGg,,+7 378 987 6025
Janeczka,Bineham,SFHLEj3v3sS,,+86 181 746 1919
Paula,Sherbourne,ZRhbfDiq3AG,,+55 796 341 8888
Urban,Atlee,m7zxQVNdtsNe,,+63 824 120 2277
Celle,Arbuckle,GWZDfNP,,+63 649 249 4870
Lishe,Twede,4KNAB9b3,,+86 721 613 8898
Ollie,Puddicombe,6fw0dtM,,+86 688 674 4321
Beniamino,Nuzzti,zbyuPkLKXd,,+55 134 978 2998
Cullin,Hughland,W1alpR,,+7 230 287 4361
Henrik,Piddlehinton,k6aOipuYpS,,+504 305 279 0030
Hobard,Reeday,9KygZA,,+48 677 297 9996
Gwenette,Farnes,npeSVb,,+1 816 720 7734
Clywd,Cavill,uQKqm4t,,+86 688 963 7436
Tucker,Kernaghan,2TahYXHO,,+86 308 992 7295
Nancy,Jonuzi,oXDJjg,,+81 962 595 8635
Margarete,Measor,9fkxJN0K,,+55 867 819 1461
Floris,Gatling,Ax6eoiQzwEHR,,+385 953 349 8510
Marlin,Schimek,d9c53CZI,,+7 780 901 2545
Alicea,Abbess,QG0hpgsvHwbf,,+1 517 337 5397
Gabi,Flint,a939N5UH,,+33 163 212 4586
Patrice,Fenney,1IzbeQCeGie5,,+251 275 787 0405
Henka,Haughey,3tO7QM7R1zM,,+86 408 750 9394
Kelly,Amsberger,L058tcp30v,,+1 760 129 5799
Joey,Mattek,zlcRR85KSk,,+86 555 636 6527
Smitty,Saunt,VGiJ6juXN1,,+55 853 371 5620
Jude,Fetherston,Q7g5fu,,+55 160 433 9635
Isabelle,Fahrenbacher,7eqoBa9b,,+66 270 775 0964
Corey,Proudley,NtkMmWrZx,,+52 922 341 1846
Gayelord,O'Longain,LHBHjjFLYs1,,+86 358 460 5398
Andris,Stovell,l96sDcSsC,,+62 742 208 2927
Sissy,Gebhardt,PARSxYCM2,,+225 727 892 1078
Laney,Gosnoll,XaZ9QprDGoUZ,,+51 418 410 6763
Grace,Coney,OcuqyuWvKI,,+996 146 639 3698
Burk,Sommer,1dWys8M1OU,,+86 242 656 0598
Prudi,Littefair,gvMwLC,,+86 515 925 0836
Belle,Kleinhaut,yT5NpAAL,,+48 597 304 2402
Corry,Hechlin,uCvE8XEHs,,+62 489 521 4775
Portie,Parton,8wlRCm43Ht,,+57 423 265 5767
Tiff,Gaine,rkDtItXf8RaM,,+62 538 543 0752
Hildegarde,Offer,X3YlAf36,,+86 668 541 9839
Kip,Olley,UWANUNla2D1,,+389 971 393 2029
Derby,Hamblett,RWoFo8,,+81 458 120 6510
Virgie,Loveredge,9x1obMeW,,+86 874 762 8009
Sean,Franzel,WoMCNXyy1KY0,,+86 130 357 9831
Krishnah,Knappitt,2iteYQrJk598,,+86 831 475 1789
Inga,Guillotin,OyZBL4,,+55 661 507 5594
Nonna,Tiplady,G4YUTgdlo,,+1 643 862 0391
Lydon,Forsythe,VxwnwzuNC,,+86 275 647 4572
Kip,Kimbly,U1U1E3,,+55 260 215 2048
Vivienne,Tonbye,OhqcZTplANAI,,+7 127 934 1088
Louella,Messenger,6cDJv9o,,+63 942 149 0749
Lucius,Cockerell,ii3ShCQUc1,,+86 158 342 3122
Paule,Berrane,QlIBmvUjlZh,,+48 158 946 3675
Evy,Ramlot,5nYJVmbS,,+7 413 448 6217
Barton,Edmott,fJcYhcMn,,+7 701 335 2741
Lynnelle,Bateson,QkZnsUN4zZ,,+55 142 828 6549
Eadmund,Ghelerdini,Po1rKTtFu,,+46 680 723 1480
Orson,Milne,VbH2ut9gVTgs,,+505 470 409 2878
Norman,Curnnokk,ZkDrhH8Sxz,,+62 661 166 7873
Cassius,Bortolutti,EMFJXu0kVHM,,+965 473 590 0247
Earl,Blondelle,nDRyqBjGp,,+62 999 170 2836
Dyanna,Pawlyn,skyA3IIXU,,+86 767 121 3723
Ginger,Worland,hr1ASgraaV,,+62 676 730 0386
Viviana,Mille,HajuC8,,+1 147 978 7279
Othilie,Norrey,emwzpAPuBM,,+967 422 362 1779
Allys,Oddey,UfhHOUhCQo,,+33 771 601 9894
Harland,Pickvance,WiKLHeg,,+880 754 677 8246
Toby,Wolfenden,vrBLQhiBi,,+86 831 666 6826
Lock,Covell,qG2gMh9lpPn,,+7 712 134 0716
Hayden,Petyanin,hrjUpc,,+86 379 669 6816
Bealle,Barribal,27WYsN,,+507 635 153 4917
Melessa,Kiezler,P9dLW64E,,+86 964 997 0984
Samuele,Lys,hKKzsq8SlY,,+1 610 148 6556
Selig,Flaune,2V7E8p,,+55 550 657 6319
Kaspar,des Remedios,ntdQDGF,,+86 694 476 9562
Cornelius,Brackstone,ke36ACYH,,+420 928 133 5310
Demetris,Flode,OSfwHSlokxrM,,+51 695 695 5245
Neron,Kubes,YLmDaosADAJm,,+998 793 382 5570
Duffie,Verheijden,dLcWN9xs4mN4,,+380 504 279 7737
Darcee,Fumagallo,Cpsn39NIra,,+51 580 320 5166
Omero,Rablin,UrxJs2bfov1n,,+86 811 915 0490
Roshelle,Tripett,lOuLMl6t,,+62 672 637 2419
Lola,Titmuss,stMOosP,,+86 366 867 2450
Vaughn,Ackerman,IUq2pUrVweb,,+86 601 414 7693
Corella,Pitson,G4urwmT,,+47 478 753 0150
Des,D'Costa,GEkkDRHpNe,,+33 861 907 4223
Giffy,Mateev,l9tDJKxp4IPD,,+234 491 493 1830
Maximilien,Sacher,GMZLVUyyHq,,+48 705 948 7707
Adrien,Antonellini,clkIQc3F4dV,,+55 445 510 3157
Jamil,Mathou,OI9evy9dR8,,+62 489 100 4299
Orion,Roebottom,Tkb4paGgm,,+63 234 485 4268
Millie,Rawsen,RBLFjaD1,,+380 187 822 8203
Audry,Musslewhite,ONiglhj,,+420 945 623 2448
Theobald,Haggith,cRVPVITAKt,,+86 622 233 7513
Caresa,Husbands,6IyWfPwR,,+358 159 697 2794
Johnath,Larratt,WzblsWxjKY,,+41 527 199 9847
Gino,Mayoral,PQODOlOX4kb,,+86 550 615 9369
Izzy,Crathorne,ICW4jl,,+86 406 784 5051
Sheelah,Smeal,YBQLtX49ptJl,,+7 658 273 9987
Prent,Wallentin,DTjZyai6UFfT,,+385 497 592 1345
Lamont,Iacovuzzi,hVWq8EXKTlC,,+86 452 430 0611
Morris,McGibbon,0ArAVUEH,,+55 251 896 1322
Nolan,Robertelli,ABOPZxMSuW5K,,+82 472 473 3371
Augy,Marrian,q8uluc,,+420 180 223 5832
Conant,Lesek,lfmIgf,,+54 666 932 0319
Phillida,Nutley,jU9LPilVS7,,+63 386 807 4406
Timmie,Kellogg,j4sxCQ8gPUO,,+86 550 254 9017
Rodolphe,MacGinley,QGwcgbfa,,+92 826 291 0844
Danna,Lillicrop,7avrjJPAGM3a,,+55 919 967 5461
Chanda,Lakenden,Cxf5a2O,,+880 676 479 2162
Katerine,Tresler,9gZbD5,,+1 119 822 9585
Emelina,Itzakson,83hCqj,,+689 169 427 4083
Ernestus,McCarry,JWmihF,,+86 675 670 8773
Raffarty,Cleall,mGvoDxD9Gr,,+51 235 680 3805
Rhoda,Texton,JK9IQ9N,,+98 143 516 1054
Obie,Giroldi,OPESWKpJ,,+7 776 437 1762
Betteann,Print,pP30BBLzB,,+86 372 140 9690
Reinaldos,Hanstock,B0W6fDh,,+353 228 129 8866
Cody,Killbey,LyhFBs4kgHx,,+504 220 982 5450
Sigismundo,Laffan,b7yRQRdU8ek,,+86 486 874 2198
Amory,Gehrels,fqavJUk,,+55 235 688 8503
Hube,Wiles,GzNLs77,,+86 227 730 3837
Marianna,Cooper,h2vP1I,,+48 280 303 9128
Sigismondo,Marsden,XCbRTUFj,,+351 790 165 5179
Roarke,Van der Brug,ZOL2g7,,+60 599 512 1748
Miguel,Sellek,NBoYNT,,+420 494 931 2838
Jerri,Egdale,uicwMrkE6,,+855 628 185 0283
Erena,McArthur,Gub6iP,,+680 546 723 0332
Britta,O'Grada,iAEDaYUT,,+55 194 602 9720
Cristian,Pittle,IPTbYe8iS,,+263 792 589 6709
Delia,Aloshechkin,dZ4V7TrLdE,,+507 150 956 2626
Peterus,Swynley,hndBlEHKuw84,,+86 611 533 7097
Delbert,Kersley,8M9W3ROZT9vm,,+385 866 175 3385
Benny,Yalden,iBiSjxduh,,+234 208 556 0048
Harlie,Tallis,dqVMmEPP,,+62 696 873 6015
Barnie,Sollitt,tyhB0MlNux2i,,+994 470 850 9670
Giavani,Feak,6bpt4FJy4,,+7 300 720 1188
Lonni,Peoples,HPBMsnOC,,+62 127 926 2544
Gallard,Kolin,bo0DgoN7Q2h,,+355 775 423 2994
Hobie,Hazlehurst,5NonecK6G,,+54 568 767 6760
Druci,Prewer,eNRG0eyg9jJ,,+33 394 334 5667
Ceil,Balsom,64a64Vs,,+62 837 996 8182
Crissy,Cordrey,jjO2vXbhS,,+86 683 617 7655
Karrah,Attlee,q9iZPz5nKG,,+7 629 301 6875
Salmon,Rahill,jZVRaw8XCem,,+254 362 652 0292
Julius,Maltster,YHLkhLByVRj,,+7 810 812 9482
Carlyn,Armour,NwnkUSxLw,,+245 859 973 2079
Che,Whife,nuHV56AYheZr,,+27 172 596 5980
Jobina,Mattocks,7jeqA2,,+46 401 832 5761
Eolanda,Gateman,8y8xMr6oDM1f,,+62 112 807 1222
Valma,Tinline,c3l8IYApI1f,,+62 978 399 0174
Jeanine,Woolward,ubz5uC74r,,+30 399 467 4698
Ximenes,Dennis,YQUKhR,,+387 137 843 3459
Charmane,Denys,HwoaNOLP,,+86 148 821 6115
Micheal,Greated,mWTXHl98rFEs,,+235 185 217 4237
Pren,MacTurlough,6AR1g51,,+86 229 336 6359
Noami,Shiels,fdI1fS,,+506 819 730 0262
Frederik,Lydford,iAVn15i,,+351 614 140 5956
Mathias,Sherman,caL0HD,,+86 604 453 5621
Hanna,McGloughlin,YLUap58htG,,+55 568 744 3575
Abba,Loeber,ljGAGV,,+57 793 970 3805
Lilli,Tyndall,wS42USmrx,,+62 320 235 8451
Bordy,McCarrell,snHz6J,,+971 124 852 7628
Symon,Larderot,7Ty7qmRk,,+7 547 544 9970
Odetta,Lewsy,2MygcyfU1Di,,+86 850 377 5717
Nannette,Riepel,SPVgY7D,,+86 460 676 1910
Say,Vidgeon,gdO5anEquL,,+54 838 932 0457
Karalee,Dillow,nfhqI947U,,+33 492 866 4205
Nannie,Burgoyne,m5hG5zSO,,+62 169 794 2763
Teena,Crump,DHZudwC8Ci,,+62 361 548 7652
Madge,Dondon,XAHnIR,,+33 290 226 8822
Marlow,Rains,7qSBhoA4dm,,+420 292 389 6009
Blaine,Rodliff,hvNZkiNIJicD,,+7 420 989 1557
Joshia,Danet,wieSqTIovIx,,+225 139 110 7518
Felipe,Duigan,xcZAK24dN,,+254 620 656 5522
Milli,Keegan,q3ENaE7QuB3S,,+86 911 118 7872
Mallory,Burress,qhUTgbOZ,,+351 338 397 5978
Shannen,Yanov,phfdoMtQj,,+998 967 209 7392
Raina,Sterndale,H8MFUJ55zK,,+46 596 855 3185
Ortensia,Choudhury,jGEZjfqQnkz9,,+63 718 964 2962
Nessi,Bloxland,hU3D4Eoz,,+63 662 665 4834
Rosalinda,Naismith,y2xak5,,+86 325 337 4185
Onfroi,Ryding,svGuSzK7i,,+357 260 589 1598
Chadwick,Seawright,T7OPGVTe2MK9,,+54 615 711 4478
Justus,Latus,tTTbPl3F,,+593 362 207 1789
Nils,Batchelder,FC4knO,,+62 943 994 0661
Rafa,Tippler,sZkxhOrGaQ,,+86 733 885 4966
Raviv,Tedorenko,nOWbTHyT3wRN,,+46 646 279 1242
Salim,Andrault,M3skvtKMCLTN,,+63 188 842 9517
Arden,Ianittello,FPPDf7WoFU,,+57 229 717 7719
Nedi,Wearn,MnU5iZNWle,,+55 903 317 0914
Jemie,Wrench,i6xysf5g,,+86 366 884 4575
Ursuline,Matiewe,lznKnfcmu,,+33 645 599 7469
Cecile,Morgan,YUQ8IG6pkEYp,,+380 140 833 3407
Lauralee,Hainge,uLVbnb3,,+1 141 858 0360
Cinda,Mac Geaney,ZvKHGfglwm2,,+351 605 100 4632
Lionello,Broinlich,y3HIbQl,,+963 232 747 3804
Barbra,Andree,ybi9ep,,+86 424 809 7049
Honoria,Kingsman,YgfTbF1OSjBh,,+352 971 609 9448
Kippie,Bickers,lu376rOLE,,+98 998 906 0551
Rosette,Miranda,025xIHknFvEr,,+62 794 237 8812
Cami,Week,5NQnh3Y,,+352 631 128 9774
Terese,Clinning,FzCRO0,,+86 437 145 5255
Sterling,Kryszka,afZtw7uwXZUT,,+33 944 699 4882
Ardath,Nissle,aXxXkvFp,,+7 862 644 4502
Chicky,Dessent,J0mK5UaOhfdt,,+595 927 450 1158
Elvis,Shury,KwGTClUXj3Ji,,+55 804 486 8502
Peder,Cardenas,PiSD1XtPmz,,+62 662 396 4446
Lauryn,Sibille,U6JQzg0p9c0,,+86 668 185 9246
Petunia,Gedney,OPaxTQGUfm9f,,+382 478 501 3130
Lynnelle,Kermon,1ubeIHmEzitN,,+63 158 700 0123
Raimondo,Hardeman,xJW4YHr9zGX,,+229 836 239 6637
Raven,Blankau,L8uwuHDhi,,+7 628 521 1696
Zeb,Caldroni,JMfj2u0,,+86 205 684 5768
Trey,McSperron,aA3iJJA,,+62 740 653 3382
Walther,Pippard,tcy3e5snMo,,+63 122 411 5027
Daniella,Vlies,XXhWrxvEPxg,,+86 973 939 8073
Sergio,Wannes,cfwRP2sA0qi,,+86 499 871 1605
Lexis,Prose,913F7U1s4Sxq,,+1 210 177 5066
Jacob,Elliker,0iRQOv,,+57 864 147 0541
Waldon,Coushe,rW9yEz,,+994 618 644 1951
Theresa,Storror,wkJUjMViH,,+62 640 288 6865
Arman,Hutchin,KkAYqvJ,,+251 863 292 7010
Tammy,Eisig,r5YKLj,,+62 184 651 6013
Tobe,Kobes,aOQDNJwsjZB,,+55 332 270 1483
Alma,Lillow,HZFpJHRmrFa,,+81 471 397 6969
Northrop,Laurenty,pESmzFyR3,,+7 515 672 9637
Anabelle,Nezey,Tte2EkN,,+7 164 893 7623
Gage,Voden,P2DTP7,,+33 365 485 6447
Floris,Swancott,QBbKCQbGJ,,+385 416 912 9904
Prudi,Swinfon,3lV1J5,,+63 591 499 4651
Dicky,Crews,dGl2XJSoBzLe,,+1 704 747 7870
Sheff,Felgat,jHQEFPdjWw,,+355 392 510 9790
Alexei,Boschmann,ySVYgw,,+380 927 170 7967
Almeda,Goodered,VeN5tVlq6Cb,,+240 554 454 0668
Pia,Shakelade,VM9BIG7w,,+86 798 265 8142
Fayette,Power,lprnf3GL6L,,+385 261 491 2077
Biddy,McNeilley,sDhHaJ,,+86 454 970 7684
Shirl,Clemmett,3D3TfqrIkCpX,,+236 440 422 0393
Mose,Coalburn,0vNqZ8,,+95 779 510 3895
Myrtie,Proudlock,XAnGecb8M1c2,,+374 432 517 3241
Lilah,Plott,o9dHUM7DU,,+963 201 357 3527
Cassie,Fronek,gUfDJ5,,+54 865 915 0108
Doti,Francesconi,FEWmBYJv,,+381 957 765 2423
Mufi,Martel,U8NPLge,,+63 948 723 7084
Dita,Hapke,aL3JXoUaGBl,,+86 834 824 1544
Claiborn,Stoffer,3Pz0gddFXxP,,+7 649 101 6034
Kyle,Hamstead,XyTYV65c,,+386 317 148 1352
Joanne,Pedlow,MmCtTD6y,,+420 637 226 8919
Carol,Stanbrooke,Po6KGy38MKS,,+86 958 513 6541
Nissie,Whettleton,H5hut2u7qmW1,,+62 483 513 0047
Binni,Chess,Lsys10HD4R,,+52 861 924 7557
Karel,Antliff,BYcWBW6cqyuO,,+86 955 200 8403
Dud,Trase,Xd1F1MAQ,,+51 574 918 3950
Phip,Souter,QLWgdE5R,,+86 688 310 4121
Nathalie,Hamstead,M9FnmR242q,,+82 748 992 7024
Vincenz,Shilleto,hb2kzTtJFS,,+62 648 242 2101
Geordie,Ewbanks,GHQRpn4,,+47 586 655 2302
Ber,Ballham,AuTIjWfO,,+86 234 213 3361
Cortney,Ledger,UefZ6Kuzhv,,+62 533 943 0175
Jori,Charnick,a2wyuI,,+386 136 172 1808
Philippa,Warman,rKF7U6aR6r10,,+33 189 306 3329
Ambrose,Gerault,BpYi2rSP8hg,,+55 745 446 2731
Hew,Dickson,qFWpH4aENWf,,+420 673 166 4985
Emlen,Coxall,FwhIW2LLmiq,,+55 623 537 5599
Marilyn,Plaice,VHR3sDyAMqF,,+62 821 656 8283
Ibbie,MacScherie,JH44QnMw31D,,+63 190 887 2618
Delaney,Vernau,n5NdkX,,+850 345 159 1830
Steven,Horley,of7Yd8,,+92 581 361 8224
Karisa,Donkersley,TKLMx2Sfql,,+51 413 565 2454
Corbett,Elcocks,9KvmVpfFk,,+375 661 429 7026
Trenton,Launchbury,jPAlrqFH,,+220 493 689 8662
Byrle,Oxby,Pn8yUKHZY,,+57 925 463 6314
Tamar,Navaro,k73xMV0L,,+351 812 154 8895
Pearce,Hasslocher,WkT9VWR,,+970 314 547 8573
Joelle,Waycott,3Y3WbWNnbMxO,,+62 149 306 9765
Kasper,Degoix,IC6hfRQ,,+66 389 151 3985
Phil,Harry,bY3ttMRyE,,+420 402 593 3938
Rollins,Giddings,uRjXLHUP9,,+63 163 471 9249
Addi,Poundesford,SoCDmMx2,,+420 600 545 4367
Mozelle,Challender,dGsUAj4E,,+1 337 520 3483
Joice,Manueau,sauc7TH,,+52 533 950 9775
Vevay,Lamartine,wUMgdBc,,+55 141 767 6997
Alphard,Yea,D0q1odNnF,,+381 358 860 4896
Ollie,Schlagtmans,8eKHVI07j,,+7 567 610 4072
Rivy,Klich,pP0nrFkGOKO,,+27 928 776 3654
Errol,Canning,Vjze52IdU,,+62 646 435 7375
Edin,Denyer,lkkbydwcp,,+98 509 630 3361
Rochella,Mattingly,A4vOk4VR7h1,,+970 785 776 7851
Mala,Attril,LNtMeDB,,+98 882 236 5759
Joelie,Loutheane,Cx36vK,,+52 462 228 2902
Valenka,Billings,n96e7t,,+62 967 738 4915
Georas,Ariss,c8wHk1PWiey,,+55 659 564 4188
Cordie,Morstatt,j5HFPa8333q,,+81 559 570 4857
Clementine,Riehm,XiXWj9cvLB,,+7 791 780 6313
Leslie,Gradly,gAhEBTV7SkzK,,+963 967 563 6555
Hadlee,Gammidge,7r7znYHyFfk,,+33 661 355 8178
Noby,Simyson,0m3Bhg,,+86 858 857 0530
Ashlen,Karoly,LaKPwgEOh1,,+62 986 814 0347
Nevins,Turtle,Cm9LuPTF3p7C,,+670 551 351 2068
Emelia,Birwhistle,eXwrvcqHbHS,,+62 393 658 0904
Leelah,Habbes,gnmLvzan,,+63 613 498 5128
Maisie,Stogill,CLPYC2i8TOS,,+63 694 846 0053
Granthem,McCleverty,op6WXb8v,,+62 670 138 0160
Karia,Jenken,4iDs3j7tU9,,+58 454 272 1438
Julie,Suett,uRouMyZz1jAm,,+7 285 591 7013
Kareem,Larkworthy,dig3pfVTYn,,+48 466 985 1939
Shelby,Croxton,cpngZn,,+86 487 629 9542
Amalea,Guiet,uJtyCX,,+968 436 580 0751
Osbourn,Celes,iIiTfxO,,+7 485 343 5664
Anatola,Coxen,J8e1VuYQ,,+385 489 252 9309
Erek,Ferbrache,2lpkqTVuc5,,+61 632 981 4192
Cherice,Bullier,osiMhqpq,,+380 507 650 2399
Sheryl,Trustrie,Uz6knj,,+383 212 188 7529
Katharyn,Kleanthous,UaD9DqyyZ,,+63 577 124 5642
Clevie,Riggert,VTeFyL,,+351 488 148 5421
Jody,Markushkin,ML2Or8wE,,+351 343 408 1084
Joyann,Bolstridge,jtGJSo125qh2,,+86 991 600 6380
Woodie,Nicholas,TQK4cpHPrx3Q,,+351 907 988 9820
Andrea,Bailess,T3HjkX,,+54 527 770 4615
Cliff,Brend,eD2Bjyl,,+1 460 104 5278
Dillie,Ruxton,J4c5ODG,,+63 959 363 1057
Jourdan,Wylie,zby9OfWeMJ,,+86 956 752 2049
Aime,Halsey,D2V6W9,,+48 576 807 0606
Marlena,Buntine,VHbDaSI,,+1 267 590 0532
Moselle,Josofovitz,ILQqHEIN3rQ,,+46 533 848 0531
Wolfgang,Warrington,HWJl2za,,+7 904 479 1034
Armin,Melesk,RdPngGxu,,+48 705 610 4096
Alice,Cromb,aYV8w9F4YlyC,,+507 208 845 6050
Drew,Shailer,4ygQc1I5fyHC,,+55 656 239 0000
Zelig,De Biasio,EC3TJzuWiW,,+52 713 861 5698
Lorena,Sahlstrom,Er6qrhNV,,+7 540 836 6813
Calvin,Dwelly,ad0LGE,,+81 841 880 6637
Ephrem,Wastell,sv845f4,,+7 306 530 4053
Holt,Klasen,FkZ4HNQe6Yu,,+62 140 628 5927
Seth,Brownett,Pnn4BNMT,,+33 186 231 3316
Tammy,Gowans,XkTm1ZqzBDb,,+46 222 349 6245
Milton,Oakey,OcuFHuxatSJB,,+47 338 517 3846
Mercie,Boutellier,S6BJWWG,,+55 272 523 3959
Jade,Aylward,EWRi71Y,,+234 648 592 5348
Leola,Pogosian,Diax4JL9IK,,+355 653 590 7956
Brendon,Chelsom,WbTIc6LUZvRN,,+692 655 581 2661
Archaimbaud,Gammell,vIHQgmu80X,,+33 780 964 6133
Jeannette,Lotte,KFFuY3Cn,,+62 892 942 5587
Kimbell,McCarron,JSQ6fBcpQ5,,+86 999 767 0725
Cathee,Manginot,S9mmbKL4jPQM,,+86 643 961 7333
Malissa,Febvre,fkaJeeW,,+373 255 222 3844
Odey,Clementi,dssMdP7oY,,+84 259 852 2313
Violetta,Cosin,fkXIRoVT,,+62 437 507 2168
Aymer,Wathell,AUzuZCIxC9,,+84 111 568 5149
Becki,Dow,89gpZfjl2,,+34 747 426 1874
Krista,Scamaden,KjHUibpaXf,,+55 395 851 6122
Alyson,Purslow,BjL6kMtzg,,+86 644 815 6941
Katusha,Danihelka,qdEOrObiJd,,+223 734 897 5890
Maisey,Gandey,u8nJonfrjBj8,,+48 858 240 6766
Sheeree,Turley,IUFqpAOoUct3,,+7 699 168 0849
Raimund,Formigli,O5hq3DD0,,+1 415 128 3961
Caritta,Hobben,jt1cWl,,+48 512 561 9810
Harriott,Deluca,AycpCo,,+47 392 559 0365
Emery,Kraft,hpcxLnNfQ,,+86 162 169 9132
Francene,Messiter,FMW79W,,+63 995 116 4821
Anderea,Rodmell,oVYrync,,+235 928 866 2411
Haywood,Attyeo,EhfZYA2iD5pW,,+62 159 203 9645
Guido,Coorington,xSNZ3kecBj,,+86 555 349 6645
Maighdiln,Gipp,HIothn,,+81 504 823 4904
Leanna,Harbin,m5A4ZmIlbHG,,+63 195 642 7522
Elvin,Stille,gtxFwM,,+81 612 217 9875
Tiphanie,Hincham,HryHQBKtP6O,,+86 516 626 3269
Heindrick,Aggiss,3yQndd2kL,,+1 180 515 6832
Percival,Fenech,d5qFn88vg,,+7 804 863 9350
Arron,Farnworth,KTaiiH,,+81 191 623 7427
Christalle,Simister,OCHRXUQR1o,,+86 256 115 8466
Rasia,Cornels,uIgMqF,,+86 915 786 0729
Stu,Cholerton,mv5WhtH,,+62 682 410 7982
Christin,Cruddace,7V2eYI,,+51 588 184 0127
Eleonore,Tortis,BZMABmFanT6Z,,+55 602 504 2848
Rora,Barson,c7UIvWwMQU,,+86 794 910 4625
Irma,Lowdes,I6DRy8bLZgc,,+63 195 158 3489
Ethelbert,Le Blanc,k8YW0P,,+86 694 258 9792
Jozef,Penburton,slxCv2Ef4Z,,+62 427 566 4252
Dacey,Wilmott,rluHEDg,,+62 132 602 3485
Marcello,Boissieux,bSkDnNvx1dPI,,+242 243 797 5532
Tandi,Balstone,hcyzgg1B9Ra,,+62 769 506 9286
Loni,Calbaithe,VpvHQIS,,+81 463 243 3549
Amalie,Persent,49rwuOmqlb,,+54 407 442 3362
Billy,Rizzetti,yi4XsLkR,,+420 277 650 8885
Suzanna,Sheldon,iLJmlYdC,,+7 773 342 3659
Latrina,Stammer,miYA6v,,+420 282 454 7460
Marita,Constantinou,hBXDYcxsy,,+86 419 354 6236
Raff,Colnett,RZNnOlE,,+20 631 758 1006
Luella,Hartin,4SYdVgfazt,,+66 611 393 0872
Grady,Winthrop,zNOsVETRB0MU,,+63 919 820 4779
Noel,Bakesef,PKF5Q1yw,,+967 454 947 8372
Ethelbert,Scoterbosh,A9lwsMSLBGKD,,+57 825 644 7406
Eleanora,Cordingly,espKYZ,,+370 863 710 9151
Pascal,Wyldbore,L25rbzfpDdpQ,,+63 888 703 1691
Chad,Gilpillan,dTW8db4,,+63 426 705 6324
Shane,Ramble,vLdjbdIV,,+62 766 673 0482
Ali,Grimes,gmpSkOR53J6,,+86 895 685 9168
Bernard,Walbridge,E6Va96D91k4,,+33 378 990 8461
Catlin,Klimontovich,zHQghjCv5,,+386 363 195 1544
Merna,Jeyes,pU4ImTje,,+86 987 126 8566
Barn,Purser,eLv41WZV,,+967 671 467 8609
Virgilio,Siggee,WQe1Ywa,,+62 620 957 9666
Delmor,Pendlington,7XQJEQDfGQ,,+62 346 558 7444
Duffie,Saltsberg,AQ2DaIRqMa,,+63 439 781 6495
Archambault,Lailey,9zZ2raa9V,,+86 340 381 4968
Morrie,Paszak,e2lOA2,,+86 861 608 3204
Chane,Kirkham,cES3g9PP,,+351 793 884 9568
Sherline,Willsmore,3D05qFCdV,,+63 242 368 4022
Jeana,Prandin,MnMElO,,+1 904 126 4523
Glen,Brosio,UTNXlUwc6,,+55 141 913 1930
Leoine,Driussi,b6gudPZ2op,,+1 226 460 0913
Meyer,Titchard,C0ysFs,,+62 423 808 5469
Carter,Jeayes,kyUU8eKml5a,,+86 601 205 3189
Anastasie,Brunsdon,jeVJ6x,,+86 963 173 9200
Jsandye,Tremain,LhuswLY3iWQ,,+33 776 606 9961
Elianora,Luscott,wvmnpQ6,,+963 142 712 8852
Violet,Dmtrovic,LzoLee,,+961 168 552 5639
Evvy,Fulk,EPzJzi,,+86 968 529 4581
Corine,Boumphrey,DMdgMr8F,,+7 848 670 3135
Goddart,Denman,aEwaRcNv,,+7 120 239 5687
Isabeau,Bottomley,kGgFLmY4Bn,,+86 863 967 4237
Garik,Lindfors,lmZvkqCCZgQ,,+1 247 795 9292
Isaiah,Joutapaitis,ZKqLlc,,+680 509 178 5224
Nicoline,Smeal,jQvFOS0O,,+62 112 943 8420
Filmer,Carren,FIN83M2KVq,,+420 546 356 6538
Hyacinthe,Phinnessy,tgnA68mzjS0,,+51 474 319 4386
Nani,Beaglehole,AbLDLgV5s,,+386 737 467 7626
Rip,Melan,3CRfGOaBsiz0,,+46 163 590 7861
Jamie,Forton,L9F464smuo,,+86 194 479 5664
Jacki,Burmaster,7mtBL0wC55C,,+385 932 960 5185
Bunny,Cossons,XzK8I5Kh,,+86 663 699 8498
Hedda,Bransom,OSUDUWTE,,+51 222 733 6909
Shoshana,Shreeves,5TX6KJU2RAd,,+970 931 679 3055
Frank,Rosenfarb,ues9pKkVRsWh,,+359 391 226 2400
Ezekiel,Havick,s3nELYvE1HhG,,+54 496 818 3188
Britni,Habbes,gLh2Q9o,,+63 326 729 6929
Kayley,Vickars,EgFlJ6u6l1m,,+55 939 656 8836
Dermot,Cottell,BfllfuVll,,+62 338 968 0765
Esme,Basford,V7t6paDVQ82,,+46 551 417 3751
Kearney,Bert,cwjDZk,,+98 528 547 6568
Lynnell,Conquer,7G5M5WhhyD0,,+7 455 517 5715
Shurlocke,Kilford,KqpiibEeyR7,,+234 915 194 8709
Morgana,Carrigan,F6OL37vrO,,+57 634 344 0412
Sabine,McMeyler,Iy6s2Y,,+961 581 244 4130
Zorana,Stonham,oEvSDbQP4,,+385 566 115 6036
Renaud,Passion,czMfDJM,,+86 998 835 5883
Dante,Fannin,S8VqwIC4,,+370 583 975 8867
Reamonn,Riepel,Ew2TaQUoR,,+1 953 577 0432
Witty,Davys,zGT8C4P,,+86 320 679 1137
Griselda,Merton,1Y2ccquHOY,,+57 378 683 2377
Coretta,Broad,mBSLvmD,,+7 605 862 1309
Padriac,Gothrup,dhi8mE,,+62 112 311 3974
Gunter,Nazer,Xqg1CU2YO841,,+1 860 211 2464
Nikolas,Pugh,zun1d6DCq,,+86 133 669 3740
Mei,Plumbley,Xob4yxvdsd,,+41 191 724 6216
Sunny,Cosker,6IO9JyJx51O,,+86 592 757 4048
Virginie,Drance,7F46qR,,+81 304 777 4869
Quintus,MacGaughy,WUGTK7,,+86 374 572 7355
Corliss,Lickorish,s4nSFb,,+262 115 160 1726
Rosabel,Martlew,xyL5ma,,+381 519 524 1934
Jillian,Sanbroke,T98Cld9zkA,,+62 541 741 5360
Marcia,Kenelin,afsNdJ,,+356 503 720 7676
Shea,Reignard,CMtGmq,,+49 719 899 0675
Marie-jeanne,Hamlington,l5bAAyWFuw,,+1 719 779 3991
Bent,Ambrogini,0bx4Xl4CGU6T,,+7 941 512 5580
Evered,Blackley,7qruej6w6e,,+1 213 349 9707
Mariquilla,Pottery,dwdNpqgsa,,+351 804 255 3458
Patric,Jon,miywtMLD0V4c,,+86 896 833 2321
Donnie,Andreoletti,8bsimYnQj,,+48 744 592 6131
Scotty,Farherty,7FgCZ3jsnvR,,+507 524 245 8574
Alverta,Aked,0zCGjZw,,+971 599 634 9633
Riobard,Cobbing,4ZU72Glr6,,+1 630 704 0961
Bealle,Haine,vbbZtSxvGQ,,+51 742 728 2663
Cheryl,Marriage,dvJmWzEJW7ns,,+504 757 200 8240
Cris,Brannon,N0ZncDW57Sa,,+51 118 481 3815
Maire,Milley,tElCgxTr,,+62 288 657 5829
Valli,Light,CxWIhL0B3rPk,,+86 530 553 8200
Hugh,Turbern,zcbiFqUGwB1r,,+46 480 208 3690
Tracey,Hugo,TN3T9btBO,,+691 990 534 3702
Ertha,Celez,Iq4GY1Ff7gz,,+66 559 318 4506
Angil,Kauscher,dVsQyuW,,+7 743 419 1050
Jodi,Dayton,neEZZOVzm,,+54 164 645 6934
Maegan,Dignan,Csm6z18QOzJS,,+269 499 785 8101
Farr,Delle,9mcXulBeL,,+62 608 327 4538
Blythe,Scrowton,4YQOhH4cGMe,,+81 646 568 6632
Tonia,Brunnstein,GDx74zd34eiP,,+62 139 530 4981
Gusti,Matsell,zeb6eN,,+86 193 399 3387
Goran,Dahmel,ppKAQOD1pw,,+86 455 748 2270
Eadith,Greenier,iyVR6epHG,,+595 247 670 5497
Goran,Hegdonne,3W7FfegR,,+51 612 814 0873
Drake,Mitcheson,x1fWVpQ6,,+86 258 754 1680
Daren,Spinige,CeQMQW,,+380 556 560 0031
Filberte,Gander,5hoGew8qEy,,+86 582 530 0312
Tallie,Beavis,6ggYjVa,,+55 783 671 9097
Kania,MacDonagh,Lk1HA3ORqoQ,,+371 578 593 6332
Kristopher,Awty,YrppEr2B6sBu,,+51 993 738 8212
Aurelia,Estick,yrrDsoiW,,+62 540 166 6309
Sue,Salman,R2QT1P5JP,,+62 238 729 9521
Agatha,Pigny,CJSEFk0hd,,+55 376 289 6100
Lena,O'Logan,pgkS2ObKrG,,+86 551 543 9250
Aurelie,Dilliway,jpDoHbyS,,+51 346 671 9921
Hadria,McLeman,TixnSf,,+86 905 334 7134
Lazare,Hodgets,t4ZLJkSoJURG,,+420 576 811 2057
Vitia,Caukill,hzKZCZi6iN,,+62 531 276 0607
Oswald,Marusyak,0WQkis,,+86 377 943 5497
Mae,Honatsch,RRHPQux5c,,+86 475 571 2498
Erich,Joannic,LFio7o7VCP,,+7 950 151 1212
Eugine,Minchin,DeNgxe1Gx,,+54 403 733 1661
Ferguson,Ridings,pJbRkjz5Phh,,+62 861 890 0581
Hannah,Lehon,AU7k8BILeJ,,+55 321 491 5021
Fulvia,Chapelhow,OwdHOmpF4RpD,,+1 417 609 6757
Alphard,Dufton,oc398ii9HXsV,,+66 257 320 8585
Juliana,Onraet,2bM4HixDz7,,+968 211 128 9499
Elianora,Duchesne,eKSy55geiQ,,+60 114 533 8642
Brynne,Muckart,tUH5IMz,,+33 247 855 5595
Rosetta,Strathman,AKhQk3lPYr3p,,+291 999 514 9317
Juline,Tisun,epfaEtK,,+63 338 680 6908
Lilias,Wallbridge,YHsVhEs1,,+380 384 711 0279
Gusta,Rosser,YA9MXN,,+63 415 483 6047
Cirillo,Banaszczyk,F6ZfqK,,+86 403 324 6003
Corby,Farnan,7SotqV0IE2dd,,+380 904 399 8214
Ryon,Chezier,fMCc1WFqM,,+963 734 838 5173
Michail,Pitrelli,FB3en635,,+506 404 949 1806
Marya,Corneil,oxzfWU,,+86 442 439 6607
Cleopatra,Fernant,KEdgSUEU,,+86 951 642 8602
Terri,Copestake,iQyv7zV2Ft,,+260 195 150 7624
Carolee,Halpeine,UuLQolo0G,,+47 535 225 6849
Christabel,Seddon,AdLKZDGdz7,,+63 406 478 7427
Daphene,Argrave,G8zbkk8de,,+263 183 888 6666
Winifred,Millichip,Z7vHjI1ZhTZ,,+63 224 474 2520
Brendis,Saker,Rr0NimuB9uF8,,+7 833 946 3526
Jarvis,Churn,hTLMZO,,+33 135 817 6604
Klaus,Athridge,FwVTWPqj,,+86 632 212 1759
Keslie,Capps,oYgjXrodeBSB,,+62 266 840 9050
Marie-ann,Burk,fsYbBVst,,+54 942 444 6555
Kim,Kopisch,LP0MXCNhSGSq,,+385 144 185 3077
Weider,De Michele,9yRb3Mby,,+33 579 919 1097
Helena,Menlove,ahAUe0JtXolr,,+63 625 692 9473
Jobyna,Ferrero,aUqW0TfsGIv,,+228 495 425 0684
Anallese,Brown,hVBW0b,,+380 589 300 7214
Avigdor,Tailour,tL3aaBAHG4,,+249 117 758 9216
Nert,Izsak,6Ne2Y7x2b1,,+63 902 134 2707
Lynea,Swapp,m8FREt2a3jA,,+27 311 269 3926
Tim,Prattin,A9OYUU,,+420 914 500 3578
Gaylene,Routley,BmnDbPTQ5X0,,+220 672 954 1579
Dionysus,Izacenko,xeAlIKDaiNm,,+351 328 152 1182
Herb,Gage,UuXiGqm0,,+86 430 563 6770
Ingram,Maciaszczyk,u8qLWvozonTO,,+46 831 490 0321
Leonelle,Gocke,epKc7s,,+86 324 524 3615
Jena,Headrick,NvwpaZ,,+7 431 835 7986
Arte,Struttman,WxDkE3bTR,,+7 921 423 4661
Deborah,Ipsgrave,GXXzWpgs1lc0,,+55 406 175 5647
Gabi,De Hoogh,8HBWl4IkC,,+255 114 655 8958
Joana,Ludee,zWuTlqu,,+86 773 182 8162
Ursa,Rapp,MRE8QcDWI43,,+351 630 387 5634
Sande,Wignall,Jcobw3UFbs,,+63 990 727 9492
Tye,Gantzman,4wNehFY,,+55 743 746 5155
Alverta,Gurry,hY6L2j97qjT,,+66 144 583 9433
Olwen,Anthona,Kjcj4Azf8,,+51 356 495 1174
Carmel,Huygens,gHoGYk5ZqBJ,,+47 544 729 4055
Lancelot,Dudek,ni3fgFP,,+86 681 193 4886
Gwenore,Wyllcock,efvewqKMwV,,+231 258 836 3168
Stinky,Allot,W9gJ1yYvuV,,+62 233 266 6603
Quintana,Colgrave,JubWO917kEL,,+62 869 438 8121
Anna,MacAiline,JYPVs6P6vl,,+62 165 169 5715
Joelie,MacAiline,NobBmj1webL,,+86 206 858 2630
Sim,Forten,YA88Bt7,,+62 317 652 5530
Leonie,Kingscote,E0z7DEvHtgQ6,,+27 290 957 2723
Clive,Myrtle,jQYYv9Pdv5,,+33 214 782 3687
Celeste,Beazley,XX6LEDmO7RhK,,+86 796 267 2616
Kailey,Wisbey,KhLfkiAYjPL,,+355 769 150 5455
Harriett,Bolesworth,1MC94DJjKYL,,+62 461 864 2425
Malva,Norville,bWkO94t8AkoO,,+86 733 855 2497
Bo,Batalini,Xg7vhDZSyI1,,+33 577 955 7452
Caryl,Dahlgren,AFTRTxQOh,,+62 950 380 7055
Adolphe,Mc Giffin,Vorys79,,+86 826 265 7196
Merle,Guerrieri,b19J38WUcoFv,,+62 417 313 2448
Trumaine,Enrich,ZCE4bS7hV,,+380 930 280 6059
Brittni,Primett,Tpts1M9A,,+62 598 606 6312
June,Ridd,daYf0Ed,,+46 301 389 0740
Roscoe,Bodell,MjRJH7AX,,+7 738 883 5816
Carlen,Lepard,STE5AZ,,+244 860 605 9748
Frasquito,Chillistone,Ioh4J63BuIML,,+370 721 982 2570
Hester,O'Crowley,cdeVPY4wASx,,+1 571 551 3049
Pacorro,Sywell,6rzJwP,,+212 553 929 2385
Lew,Aleksandrov,mNrFq9MpJ1,,+351 316 796 1008
Stepha,Junes,AIjsOkDx4,,+86 147 117 3016
Den,Frudd,e0IiAzEDp,,+509 260 955 3263
Peirce,Bew,Qk2gz4RJlkx3,,+686 918 166 4177
Sawyere,Buckland,vuW2CO2cglB,,+93 418 925 8424
Alyse,Nalder,XiUUFLbt,,+7 686 976 4097
Jessika,Tuft,rxWAFPVxKsd,,+58 441 695 5856
Lory,Blaylock,Uy3Br1zQctg,,+55 635 335 1608
Peadar,Ansett,eK2HBTTQg,,+92 924 134 4124
Layton,Camilletti,BJpN0Sk8uLm,,+381 185 700 4222
Adan,Strawbridge,14LvrnqKnLqm,,+373 898 953 4428
Madalyn,Woolam,APhwrFrpKw,,+381 397 979 5585
Gregor,Darkott,UR5qw8aJWT4D,,+504 645 576 4752
Yasmeen,Botley,l0jYw1Cl5YLE,,+63 831 524 9205
Abbott,Sines,L2zealI,,+62 850 263 8483
Wain,Hesey,vAtAG0qRZuq,,+86 609 596 8597
Sabrina,Olivari,r6DTFySeFb,,+7 306 671 7693
Octavia,Layus,jRq9oG3h,,+57 420 122 2086
Chloe,Stutard,Ga8IyE5eL2kn,,+92 686 140 8806
Penn,Banes,MwZ10zBThhRN,,+1 293 648 5054
Bruce,Ucchino,CEXlYr14t0RG,,+7 528 579 6908
Dell,Hannibal,njlvbVy,,+7 130 503 4081
Simone,Di Baudi,Y3PcjfpaL5E,,+389 383 520 1123
Jessa,Colenutt,y58qeXp,,+86 400 956 9280
Hardy,Faire,IxYR2lDYp,,+503 500 489 5365
Christine,Focke,DykoB4n,,+63 151 928 7461
Kacie,Reolfo,h9Z2TUhDHh,,+992 709 241 9075
Raimundo,Giffen,jedwWP,,+63 756 549 4256
Faye,Drohane,bMQg2kGQBs4h,,+81 307 848 1498
Arvin,Michin,CFsYjGe,,+51 573 139 9195
Carley,Mowbray,YFtBbE8ZcgsX,,+86 801 668 7086
Darrell,Kingdon,JAbTMUYN,,+63 843 328 0862
Randene,Grinvalds,Q1PyhlL6c1P6,,+51 678 256 8452
Port,Hewes,IlfPWRDNEIDs,,+375 173 937 2028
Mill,Eronie,zuk6W58T0,,+86 408 596 9000
Benedick,Hazzard,IlUKqUSsy5NM,,+62 953 806 5738
Hilary,Arter,rtH3tj,,+86 407 995 1452
Marcia,Scroyton,VRjDqb,,+420 107 130 3571
Chrysler,Mugridge,W65zGpI,,+996 463 176 9804
Caren,Grunbaum,vsRnuw3Zz,,+62 860 336 4966
Inez,Dallender,itqq9mVr5zB,,+86 432 991 7570
Nelly,Rubinivitz,4g8ozrbopA,,+7 729 140 9395
Evonne,MacShirrie,1Yve3vp,,+62 857 635 1680
Vasilis,Nolton,spJyfd,,+380 746 968 2229
Charline,Schieferstein,OaW7CTx,,+33 324 708 9514
Vick,Woodrooffe,meM2QqQvu,,+256 818 473 5776
Ricki,Schneidau,ZcJZAO4oB,,+351 462 156 1456
Leonid,Gillani,Xj2gXJlUfHL,,+46 486 939 4789
Yehudit,Kollaschek,QK7KerBc,,+62 391 375 5045
Sabrina,Spottiswoode,7CeJtkwV,,+86 658 806 9317
Ruby,Dillamore,cTtzUeU,,+507 398 808 5300
Roxi,Spinage,kbDrzwssY,,+98 267 673 1480
Pammy,Wardesworth,5Iz3gZ,,+81 821 669 8886
Cristy,MacLice,v3B6nlmcN,,+33 352 760 7316
Turner,Mews,zxjWaUCGL,,+63 502 336 0778
Milena,Gunter,HTbejwBLJW2,,+33 582 943 7881
Christoph,Flott,KiAbfq0eCtNZ,,+58 402 650 3828
Jane,Siehard,llAWNr6HEI,,+351 188 844 1153
Tulley,Westwell,SFBrIMyiYe,,+86 585 545 9073
Deonne,Gouldstraw,HSNAGxWWb,,+86 768 540 9137
Allianora,Davidofski,sOCCkBQ8CED8,,+420 481 864 4612
Kalvin,Wickham,d2kjvwyS6A1,,+86 526 803 1610
Carver,Theyer,PuSfmdWGRCH,,+218 496 424 1651
Nichole,Cummine,R3SWdgTDppN,,+86 212 466 8245
Benedetto,Ind,krHwDEA4a,,+86 681 792 3756
Reyna,Confait,Xik6tsWJP1C,,+62 137 286 6187
Blanche,Mannooch,bQkKh3GRmki,,+62 892 502 6874
Carline,Jellico,RFgSXnfBf,,+62 198 495 6079
Raul,Wynch,R6UT2KHI,,+33 232 274 8193
Helenelizabeth,Todari,PxkmBA1S,,+380 137 785 0873
Dorice,Luney,Kdi1XWShy,,+98 260 657 0966
Jeremy,Petraitis,gXTJikqk3,,+220 866 142 0597
Charlotte,Pendlington,A8Ikn8H3,,+7 511 687 2694
Basia,Pocknell,PvkSlc,,+504 818 874 4034
Glenda,Haughian,FkbFVoDwBmQG,,+86 477 603 3785
Sammy,Lauritsen,1OTh1v,,+86 535 278 7165
Germaine,Waddam,M4bLduV53AK,,+7 135 245 8326
Logan,Newall,49ujsV3CJ,,+54 628 783 5642
Tadio,Royson,T839GBoK,,+86 232 723 4172
Toby,Beccera,iGOKiyqnq,,+46 170 425 5724
Gerda,Ugo,01JxygTH,,+7 115 907 4332
Jaye,Dahlbom,emNuUnKBpOx,,+61 906 916 0348
Thomas,Brosch,124YWAnp,,+86 294 885 3295
Milly,Wheildon,McfAUU8tpJYg,,+66 813 470 9492
Marie,Winter,ZE6T7LBD2KY,,+62 533 464 8049
Clarine,McGarvey,TM7dUwm5,,+385 932 405 0204
Didi,Smy,TIPzfmE,,+46 370 376 5119
Homere,Charnick,g5LOee6H,,+62 529 649 8056
Ludwig,Fauning,ECpwCvxjWBe,,+387 170 135 8834
Margo,Fewster,Jh3Xfnyn,,+7 205 827 6554
Fulvia,Billin,oD9QrNH,,+55 821 592 8239
Clemmy,Blunsom,xVbGyQ,,+234 182 149 0540
Rosalynd,Flintuff,onGKrqNkx,,+256 753 224 9541
Harriot,Chatt,Fg2hLQOU,,+7 896 647 0266
Lucho,Westmacott,QOH5wZ2MuH32,,+62 553 332 4588
Baudoin,Robke,2cCmFnImqaUU,,+30 987 427 9200
Say,Coxon,arYamr,,+86 307 189 4950
Micah,Maty,k3CHatx,,+33 994 963 7979
Gabbi,Klimshuk,tqMrSL1uM3N,,+237 423 867 6375
Elianora,Brett,9PcxPmV,,+7 257 765 5595
Kellen,Bishop,ZyzjCXh5WH,,+593 902 286 3737
Kinny,Arlt,FRdtktGRcesG,,+7 952 704 0878
Alexi,Randleson,9WvEP6VrP,,+62 455 443 9906
Liliane,McGinney,D5OKtmMX,,+86 276 129 8609
Torre,Insall,LNBLhHyWE,,+33 371 760 4981
Joanna,Hackleton,7xDy8GdOWby,,+353 603 911 0291
Shaina,Perview,j3NUtLKbk,,+7 750 885 2741
Davita,Gadsden,ez5vy0oJz,,+420 846 384 1424
Eldredge,Millard,rMXQ2clMgHUw,,+81 320 244 8339
Jori,Argontt,F7Mfhd5jAw7,,+420 721 447 0397
Ariadne,Adelberg,G3W7xCxq,,+593 222 527 7707
Ericka,Jenney,aNp1PEk,,+48 774 619 1169
Joye,Olyfant,OipnhAPeFQa,,+268 438 486 5121
Devora,Mapholm,UO61Ei,,+86 629 138 2677
Caritta,Gatrill,aD59ZBcu,,+216 885 372 4964
Leupold,Slimming,jZnGfpwzMiQl,,+48 307 375 7784
Emelina,Rupp,Zig9RTACI,,+86 467 681 3659
Emory,Goublier,pkKci2Ric,,+371 599 824 2711
Lyndsie,Bellerby,olMHrSuBTJ8,,+86 733 363 7350
Mikel,Rudham,Qsa5x2XWXj,,+46 727 297 7593
Cull,Guynemer,hEXomJp,,+1 907 124 6450
Devlin,Steabler,MHstpNuEe,,+351 202 844 5291
Jaime,Cleverley,uhbLOC,,+63 317 779 1807
Hughie,Sullens,bpgbyIcy,,+63 749 692 8054
Robinet,Lindsey,U70WcAu,,+81 459 140 7351
Harley,Tiddeman,OSzqsqhCQ,,+86 506 776 8032
Zacharie,Franck,Q7y1olZdQ,,+86 141 624 4441
Urbanus,Wadesworth,ZKdhi7em,,+84 816 157 4869
Frazier,Caen,dAKNv0,,+84 988 952 1638
Carmine,Simenet,GTz1gw,,+51 993 127 7486
Annis,Moncaster,VIf9oAw7c,,+1 217 176 5704
Ianthe,Graine,a6cZOG,,+353 617 646 1277
Leontine,Callis,XDcA84HZV8T,,+86 413 805 8328
Arlinda,Hugenin,A2Fjo8Mc,,+7 356 259 1477
Cirilo,Oxton,BMLoww8srnpE,,+970 524 208 1585
Christophorus,Petrasek,Eq8GLfPVwnl,,+46 839 190 6698
Letizia,Escofier,nfPmKEWRg,,+66 617 351 0450
Mariska,Wharfe,xJUizp,,+86 331 718 7111
Forester,Tolle,v9Kdoj7aR3j,,+381 439 376 4195
Lexie,Duchan,nDFn7kFa,,+7 223 334 9270
Jeanie,Elverstone,8ZYeirAqb,,+86 221 611 2913
Godard,Claridge,d4PXoyCXcf8n,,+86 228 992 3095
Austina,Aldus,jSo2nbfxjs2,,+591 618 784 1651
Dulcy,Southward,65CmxRydFa,,+81 184 897 6348
Jabez,Yurevich,PJTJDoDVv,,+86 189 120 3161
Dylan,Philcox,B4Lz128C8p,,+962 888 675 8598
Gayle,Donaghy,mezwjM,,+7 955 964 6415
Flory,Brody,eHYDL3NQEKy,,+86 472 952 3224
Sibylla,Jenton,NxmXlN,,+51 404 527 5751
Ruth,Ferronet,VhpYAwyYuS,,+55 708 598 9430
Carmelle,Dicky,HgqaSlB0Z,,+86 427 461 9794
Lianne,Gracey,bJrXHqAU,,+62 467 358 2796
Emmey,Letchford,fPTQxw9RKel,,+223 118 892 9171
Maison,Hatje,85xrWDoqYF1x,,+86 409 585 1557
Pammi,Tanser,SCEhFMG8,,+380 452 832 0990
Vina,Ech,VRZFRe,,+86 456 855 7399
Vassili,Bailes,LuUjfn,,+1 396 565 3364
Fern,Deeson,JMG88nKL,,+63 313 440 9339
Raphaela,Camfield,YlSm8G,,+81 935 331 7561
Georgette,Dell Casa,eFeY5nbDKGWZ,,+51 320 296 1214
Bernetta,McComiskie,nS4YpHf7MR,,+63 592 621 8345
Caye,Ziemsen,8YqnHJwO,,+86 465 977 5397
Ingaberg,Grist,FHsx8hRiuw,,+53 722 432 9138
Kial,Dudding,aqMKdLsa,,+33 609 436 1008
Meredith,Addington,Ra4L5nW,,+232 775 447 5050
Desirae,Mayho,83tOx7a1X,,+351 559 750 3419
Urbanus,Beaushaw,Ibum8p,,+63 555 226 5128
Terrie,Attril,q8vZvg1lUAO,,+62 134 512 9043
Ephrem,Thornton,Xo5qRyUmc7,,+58 305 888 4791
Creight,Lorincz,8RU0bUi8,,+63 412 234 1542
Darnall,Spens,Ep4kq5Psf,,+1 376 208 0231
Kari,Jebb,uy9uX1g,,+51 381 943 0877
Vanna,MacCard,rMu1qym,,+62 269 874 2210
Laureen,Castanos,ihPTf3,,+505 917 312 9265
Myrtie,Palin,jmrFJ2zPX0J,,+86 185 500 8960
Julia,Lochhead,9b9qO8b,,+266 297 134 9949
Andrej,Adicot,rQNRi9,,+237 691 778 2749
Elia,Faro,68mAfXt,,+51 356 768 5306
Heda,Padley,0Dr5SdkAbhiU,,+54 348 829 4767
Brittne,Marcombe,DXjYn5UPV,,+225 522 272 3322
Maggy,Rizzelli,oLuoyPK2kdsX,,+351 220 790 2353
Welch,Cawley,9W9O8loxva9,,+48 842 118 6301
Devin,Aingell,tDeXBiV,,+1 743 996 7502
Lenora,Ingledow,S8rzDCCCvV,,+86 333 204 7960
Myrtia,Jekyll,bVf678,,+86 246 557 1736
Trista,Von Salzberg,nturHSTU,,+63 430 895 1601
Aldon,Eaden,uZmEONLhnK5,,+86 118 348 7034
Bartram,Esberger,UuAWISUoZE,,+30 685 393 8340
Niven,Feldstern,lByorj,,+255 287 679 8226
Leann,Labeuil,VZBJwahRt,,+389 665 760 5636
Carroll,Blas,aiLevOuZIM,,+297 785 122 3131
Fair,Scollan,cfDQYUP1y2F,,+20 926 898 2033
Sarine,Edgler,fLJ2KSJDe,,+86 646 298 5720
Teirtza,McCaughan,cH9rU0cCI,,+66 659 127 9050
Evin,Vince,MlLsraH,,+86 452 994 2475
Tiffie,Motton,5OavvNAL,,+48 179 878 8015
Barbaraanne,Ogilby,aOg3NtNc,,+81 697 757 0215
Sal,Steeples,O8RiDwl6Ii,,+63 720 474 0253
Slade,Madison,klePf0,,+62 701 500 3548
Murry,Armitt,fpX9q46ub,,+66 668 964 2142
Jere,Tinton,ihNU4GtLQL,,+256 166 849 7811
Harlan,Chaster,R9gH0dd2,,+46 307 204 4350
Ebba,Feldhuhn,YfV8SBCv,,+86 481 679 8238
Genni,Sandwich,MMk9C0IWG,,+86 120 566 2233
Trudy,Playle,q5rs5nO,,+1 918 431 1357
Neille,Mallison,ZtnlG9WB0Mmf,,+81 607 548 2448
Dunstan,Hart,nt2TG5bg5z2H,,+54 153 474 2876
Kristofer,De Freitas,szkDypfEVe,,+48 106 388 8629
Truman,Slinn,znXXOH,,+86 954 495 1281
Hasheem,Colquite,74dTUvCIv33e,,+86 706 457 3802
Sybila,Wellstood,9bVWHsNI,,+62 641 141 3627
Carmencita,Wooller,mEUTcnh,,+386 153 428 6235
Florrie,Groveham,2pLT3V,,+86 835 621 9011
Wat,Ferns,WPNAKt,,+51 661 558 3584
Ambrosius,Manicom,NW5OI2I9G,,+420 715 463 7029
Courtnay,Eagger,g8NRwhd,,+380 733 741 8076
Maurits,Rapport,gpUx5P2e2Ytx,,+351 597 551 2052
Hashim,Flaonier,a3Urnkypo,,+63 526 616 4208
Maribeth,Barbery,qQDVU90xPbuY,,+62 261 502 7670
Belle,Tomaszkiewicz,tmql4hB1Ti3i,,+62 843 753 8347
Mandel,todor,zznebZF1Oh,,+86 464 478 5633
Ingar,Sayse,o5c6o2,,+7 305 635 6028
Wheeler,Shimony,YhvWugOUFGiC,,+218 949 303 2064
Troy,Fenna,XI7S8ill,,+57 113 167 4998
Leeann,Polfer,PaZwM2A,,+49 246 131 3984
Binny,Tolomio,mp6JhgBhCnef,,+86 581 531 0790
Andee,Diggles,Jt7pH3TA,,+52 359 213 9694
Urbanus,Olander,shKjTuF8Sqx,,+86 131 399 2042
Irv,Bottell,9Dc1i0sZ,,+86 370 257 5385
Othello,Sudell,H1Gtyrqs,,+972 865 109 7509
Rosetta,Connachan,5vNL7piFB,,+389 619 252 5405
Monro,Plett,gKce1Eg8,,+63 869 601 6455
Lucila,Matfin,j4dRrgj8nsw,,+62 453 237 4822
Odo,Bowlas,AegdFARFq,,+358 463 114 2187
Anetta,Silcock,qVYKVq,,+27 628 493 4191
Gran,Handslip,sa2fyApIJSLT,,+86 259 411 0346
Maurise,Stather,u31ZuAI0,,+994 260 578 4313
Sharai,Pilcher,Gzwvbqb4,,+63 314 335 6990
Elnore,Sharpe,5wPYBCaM860,,+86 239 344 9404
Koo,Rubinsky,T4RTv7,,+46 562 357 5287
Shelagh,Jacob,qHVJjJruw,,+420 639 878 5816
Neil,Brookhouse,yhraEkC,,+30 935 914 0169
Jolynn,Gabby,AQmsMuqWt,,+86 586 859 0311
Jayme,Peckham,PIijLVHxC,,+965 941 796 9472
Korey,Heibel,gYygLZCiCcr,,+62 855 450 4139
Nichole,Borrell,0XIWj47,,+7 751 963 5076
Nancey,Accomb,NpPC2O1fvGj,,+504 764 677 1648
Nikos,Favey,d7ubF05,,+60 444 152 5098
Susanne,Gilpillan,YbWYDYP8MV,,+33 884 971 1591
Gena,Livick,e473wbC6hZay,,+33 737 868 0145
Arliene,O'Donnelly,n9fRhndNtGh,,+62 185 914 1220
Rubie,Stidson,xMtXGHdylt8,,+595 489 102 9944
Gifford,Molan,QvMoy8BOdk86,,+86 876 879 6897
Joice,Jakubowski,1cHg0Svk,,+49 933 871 8993
Filippo,Venners,5IhFc1S,,+62 927 365 3902
Bess,Tight,tTZaO9TOnh,,+82 682 520 2529
Marjorie,Pregal,JlsJ6Pw,,+229 427 955 7593
Hyacinthie,Yeeles,e2UZtagP,,+62 750 794 5301
Karen,Warlton,J3lNh8Ap9qPO,,+55 597 367 3607
Garnet,Anear,nqLzAFISh,,+86 207 656 9230
Millisent,Pashenkov,ox9Pwbdf,,+596 635 252 4759
Dylan,Blogg,d4o5Jq66g80l,,+30 605 434 4989
Finley,Runchman,3nJF6xzCx,,+86 412 696 4803
Lotte,Dorsey,YEE2fGuLXc,,+46 384 717 6734
Clayton,Mouth,3CXo7eR,,+86 762 971 9835
Gael,Bernon,6S6QpEQ,,+380 740 901 4647
